,Unnamed: 0_x,PLAYER,DREB%,%DREB,STL%,%BLK,Unnamed: 0_y,TEAM,AGE,GP,MIN,SCREEN_AST,DEFL,LB_REC,CHARGES_DRAWN,CONT_2PT,CONT_3PT,CONT_ALL,Unnamed: 0,DIST_MI_DEF,AVG_SPEED_DEF
0,0,Andre Ingram,7.2,9.3,18.8,37.5,21,LAL,32,2,32.0,0.5,1.0,1.0,1.00,3.0,4.0,7.0,20.0,1.1,3.87
1,1,Rudy Gobert,23.4,32.6,14.1,61.7,444,UTA,26,56,32.0,6.2,1.5,0.8,0.00,12.8,2.3,15.0,443.0,1.04,3.97
2,2,Joel Embiid,25.5,37.0,13.2,51.2,252,PHI,24,63,30.0,3.0,1.1,1.3,0.02,9.6,1.9,11.6,251.0,0.96,3.71
3,3,Robert Covington,13.7,19.3,28.4,25.8,435,PHI,27,80,32.0,0.4,3.9,1.3,0.01,4.3,3.6,7.9,434.0,1.07,3.92
4,4,Marcus Smart,8.5,12.3,27.0,15.3,352,BOS,24,54,30.0,0.4,2.9,0.7,0.24,3.2,3.3,6.5,351.0,0.96,3.83
5,5,Andre Roberson,10.9,15.4,18.3,35.0,22,OKC,26,39,27.0,0.8,2.3,1.3,0.03,5.0,3.3,8.2,21.0,1.04,4.5
6,6,Donovan Mitchell,9.3,12.9,24.1,9.5,136,UTA,21,79,33.0,0.1,2.3,1.0,0.01,3.7,2.9,6.6,135.0,1.05,3.87
7,7,Kawhi Leonard,15.9,22.0,42.9,40.9,291,SAS,27,9,23.0,0.1,2.7,1.4,0.00,3.1,2.6,5.7,290.0,0.76,4.05
8,8,Jayson Tatum,13.8,19.9,21.8,23.3,234,BOS,20,80,31.0,0.4,1.7,0.8,0.01,3.4,3.0,6.4,233.0,0.99,3.89
9,9,Al Horford,17.8,25.2,12.8,35.9,6,BOS,32,72,32.0,2.7,1.3,0.8,0.00,8.8,3.5,12.3,5.0,0.99,3.76
10,10,Jaylen Brown,12.4,17.7,20.6,12.3,232,BOS,21,70,31.0,0.3,2.0,1.2,0.07,3.3,3.4,6.7,231.0,1.07,4.22
11,11,Ricky Rubio,13.9,19.5,27.8,5.1,434,UTA,27,77,29.0,0.2,3.0,1.5,0.10,2.9,2.2,5.1,433.0,0.94,3.99
12,12,Ben Simmons,17.1,24.8,28.9,24.1,40,PHI,21,81,34.0,0.8,2.9,1.8,0.04,4.4,3.8,8.2,39.0,1.15,3.94
13,13,JJ Redick,7.1,10.3,9.8,2.6,197,PHI,34,70,30.0,0.8,0.8,0.7,0.09,2.7,2.2,4.9,196.0,1.06,4.08
14,14,Anthony Davis,21.3,31.6,24.3,53.5,29,NOP,25,75,36.0,3.9,2.4,1.5,0.15,9.8,4.5,14.3,28.0,1.15,3.63
15,15,Devin Robinson,25.0,30.0,100.0,0.0,129,WAS,23,1,13.0,0.0,1.0,0.0,1.00,2.0,2.0,4.0,128.0,0.44,4.04
16,16,Joe Ingles,12.5,17.6,19.5,7.5,248,UTA,30,82,31.0,0.4,2.3,1.1,0.00,2.7,2.9,5.7,247.0,1.02,4.04
17,17,Jrue Holiday,9.5,13.9,24.8,16.9,279,NOP,28,81,36.0,0.4,3.2,1.6,0.02,4.5,4.3,8.8,278.0,1.24,3.92
18,18,Damian Lillard,9.4,13.3,19.2,8.9,87,POR,27,73,37.0,0.2,1.8,1.7,0.11,2.8,1.9,4.7,86.0,1.11,3.78
19,19,Chris Paul,15.1,21.5,27.7,7.9,74,HOU,33,58,32.0,0.5,3.0,1.6,0.03,2.3,2.0,4.3,73.0,0.92,3.51
20,20,LaMarcus Aldridge,15.6,21.7,11.1,28.4,318,SAS,32,75,33.0,3.2,1.5,1.0,0.00,10.0,2.6,12.6,317.0,1.06,3.97
21,21,Victor Oladipo,13.2,19.5,33.8,24.7,516,IND,26,75,34.0,0.1,3.8,1.6,0.16,4.0,4.8,8.8,515.0,1.2,4.15
22,22,Josh Richardson,8.0,11.5,28.0,24.1,277,MIA,24,81,33.0,0.2,2.7,1.2,0.10,5.3,3.0,8.3,276.0,1.12,4.12
23,23,Dario Saric,14.7,21.0,13.1,8.8,98,PHI,24,78,30.0,1.0,1.3,0.9,0.01,6.0,3.6,9.6,97.0,1.01,4.0
24,24,Eric Gordon,6.5,9.2,12.1,12.3,155,HOU,29,69,31.0,0.3,1.4,0.9,0.03,2.4,2.4,4.8,154.0,0.97,3.66
25,25,Kyrie Irving,9.6,13.9,23.2,8.6,317,BOS,26,60,32.0,0.5,2.0,1.3,0.10,3.0,2.2,5.2,316.0,1.02,3.79
26,26,Derrick Favors,16.7,23.0,14.8,38.5,121,UTA,26,77,28.0,2.7,1.3,0.8,0.00,8.2,2.6,10.7,120.0,0.92,4.13
27,27,Danilo Gallinari,13.3,18.9,12.7,16.4,93,LAC,29,21,32.0,1.2,1.8,0.9,0.10,5.3,3.4,8.7,92.0,1.01,3.84
28,28,Paul George,13.2,19.2,28.3,13.7,417,OKC,28,79,37.0,0.3,3.9,1.8,0.06,4.2,3.9,8.0,416.0,1.21,3.83
29,29,Kyle Anderson,15.8,22.4,33.7,23.1,310,SAS,24,74,27.0,0.4,2.5,1.0,0.04,4.0,2.0,6.0,309.0,0.88,4.1
30,30,Russell Westbrook,22.6,32.3,25.8,6.9,445,OKC,29,80,36.0,0.1,3.3,2.1,0.06,1.9,1.6,3.5,444.0,1.16,3.65
31,31,DeMarcus Cousins,29.2,41.3,28.3,40.2,113,NOP,27,48,36.0,2.3,2.7,1.6,0.50,10.7,2.7,13.3,112.0,1.06,3.44
32,32,Jon Leuer,17.9,26.3,3.3,42.9,260,DET,29,8,17.0,1.5,0.1,0.0,0.00,2.8,1.1,3.9,259.0,0.6,4.3
33,33,CJ McCollum,8.9,12.6,17.3,10.8,60,POR,26,81,36.0,0.3,1.5,1.4,0.01,4.3,3.0,7.3,59.0,1.18,4.04
34,34,Andre Iguodala,10.9,16.4,20.8,14.7,20,GSW,34,64,25.0,0.7,1.4,1.2,0.02,2.7,2.3,5.0,19.0,0.86,3.92
35,35,Terry Rozier,14.4,21.0,25.5,10.5,476,BOS,24,80,26.0,0.3,1.5,1.0,0.04,1.9,2.2,4.0,475.0,0.88,4.18
36,36,Lonzo Ball,15.3,21.6,28.0,21.8,327,LAL,20,52,34.0,0.3,2.9,1.3,0.00,4.6,3.1,7.7,326.0,1.18,4.03
37,37,Dejounte Murray,19.6,27.4,32.6,13.4,115,SAS,21,81,22.0,0.1,2.1,1.3,0.00,3.8,2.5,6.2,114.0,0.78,4.46
38,38,Draymond Green,18.3,27.5,23.7,28.1,140,GSW,28,70,33.0,1.8,3.1,0.9,0.07,8.0,4.0,11.9,139.0,1.05,3.65
39,39,Luc Mbah a Moute,10.2,14.2,24.5,16.0,330,HOU,31,61,26.0,0.5,1.8,0.8,0.05,4.9,2.6,7.5,329.0,0.83,3.86
40,40,Giannis Antetokounmpo,21.8,32.4,21.7,32.0,174,MIL,23,75,37.0,1.4,2.5,1.8,0.00,6.6,3.7,10.3,173.0,1.19,3.74
41,41,Klay Thompson,8.9,13.2,13.1,9.0,305,GSW,28,73,34.0,0.4,1.1,1.0,0.00,4.0,2.6,6.6,304.0,1.18,3.93
42,42,Mike Conley,7.0,10.6,20.7,7.1,373,MEM,30,12,31.0,0.5,2.2,0.8,0.25,3.3,3.1,6.3,372.0,1.01,3.9
43,43,Markelle Fultz,10.5,15.1,25.0,14.3,356,PHI,20,14,18.0,0.7,1.1,0.9,0.00,1.9,2.2,4.1,355.0,0.64,4.27
44,44,Yogi Ferrell,9.7,14.1,19.1,4.7,534,DAL,25,82,28.0,0.1,1.4,1.1,0.15,2.4,2.6,5.0,533.0,0.93,4.1
45,45,Jimmy Butler,11.2,16.4,28.2,11.9,244,MIN,28,59,37.0,0.4,3.5,1.9,0.12,3.1,3.1,6.3,243.0,1.2,4.1
46,46,John Wall,8.8,12.9,24.7,31.0,257,WAS,27,41,34.0,0.1,2.7,1.2,0.10,5.4,1.8,7.2,256.0,1.03,3.58
47,47,Thaddeus Young,12.8,18.6,25.6,16.1,478,IND,30,81,32.0,1.3,3.6,1.5,0.17,5.8,4.7,10.5,477.0,1.13,4.16
48,48,Jusuf Nurkic,23.7,33.5,19.3,42.0,288,POR,23,79,26.0,3.7,1.7,0.9,0.03,9.8,1.9,11.7,287.0,0.84,3.92
49,49,Bradley Beal,10.1,14.7,19.3,12.8,48,WAS,25,82,36.0,0.4,2.0,1.2,0.05,3.8,4.1,7.9,47.0,1.17,3.91
50,50,Trevor Ariza,11.6,16.5,23.7,6.0,495,HOU,33,67,34.0,0.3,2.9,1.0,0.03,2.6,2.5,5.1,494.0,1.1,3.94
51,51,PJ Tucker,16.0,22.8,18.4,11.5,409,HOU,33,82,28.0,1.3,1.6,1.2,0.13,3.9,2.7,6.7,408.0,0.91,3.94
52,52,Bojan Bogdanovic,9.7,14.2,12.0,3.6,47,IND,29,80,31.0,0.1,1.1,0.7,0.03,3.7,3.3,7.0,46.0,1.05,4.03
53,53,Al-Farouq Aminu,19.8,28.1,23.4,15.7,8,POR,27,69,30.0,1.5,2.2,1.2,0.00,5.7,3.0,8.7,7.0,0.98,3.99
54,54,Danny Green,11.5,16.1,21.7,33.6,94,SAS,31,70,26.0,0.2,2.0,0.7,0.04,5.5,2.9,8.4,93.0,0.87,4.28
55,55,James Harden,13.7,19.3,26.8,19.4,218,HOU,28,72,35.0,0.3,2.9,1.3,0.03,4.4,3.1,7.6,217.0,1.0,3.42
56,56,Chinanu Onuaku,13.6,23.1,0.0,0.0,71,HOU,21,1,22.0,1.0,0.0,1.0,0.00,2.0,3.0,5.0,70.0,0.66,3.79
57,57,Otto Porter Jr.,16.1,23.2,27.6,18.1,407,WAS,25,77,32.0,0.6,2.9,1.2,0.01,3.2,2.3,5.5,406.0,1.09,4.18
58,58,Pau Gasol,25.6,36.3,8.9,38.2,416,SAS,37,77,24.0,2.4,0.4,0.6,0.03,8.9,1.2,10.1,415.0,0.72,3.83
59,59,Steven Adams,12.3,17.5,19.6,33.9,467,OKC,24,76,33.0,4.9,2.3,1.4,0.00,9.6,3.8,13.4,466.0,1.13,3.98
60,60,Kyle Lowry,14.2,19.9,22.8,6.5,314,TOR,32,78,32.0,0.6,2.3,1.2,0.47,2.8,2.5,5.2,313.0,1.02,3.8
61,61,Goran Dragic,10.5,15.2,17.2,4.5,176,MIA,32,75,32.0,0.4,1.5,1.3,0.07,3.8,1.8,5.5,175.0,1.08,4.14
62,62,Tyler Johnson,10.5,15.0,17.9,16.3,506,MIA,26,72,29.0,0.3,1.5,0.9,0.08,4.7,2.9,7.6,505.0,1.0,4.3
63,63,Aron Baynes,19.6,26.3,10.2,37.2,33,BOS,31,81,18.0,2.4,0.3,0.5,0.21,7.1,1.5,8.6,32.0,0.61,4.0
64,64,Alan Williams,26.0,35.8,27.8,11.1,9,PHX,25,5,14.0,1.8,1.0,0.2,0.00,1.2,1.0,2.2,8.0,0.44,3.9
65,65,Thabo Sefolosha,17.0,23.9,30.4,13.8,477,UTA,34,38,21.0,0.4,2.2,0.7,0.00,3.0,2.5,5.5,476.0,0.7,4.01
66,66,Patrick Beverley,9.2,13.3,29.7,19.2,412,LAC,29,11,30.0,0.1,2.3,1.9,0.45,2.5,2.1,4.5,411.0,1.07,4.21
67,67,Justise Winslow,17.8,25.2,20.8,18.2,287,MIA,22,68,25.0,0.7,1.5,1.2,0.01,4.1,2.9,7.0,286.0,0.84,4.15
68,68,E'Twaun Moore,6.5,9.5,17.9,3.6,146,NOP,29,82,32.0,0.2,1.7,1.3,0.00,4.0,2.4,6.4,145.0,1.13,4.13
69,69,DeMar DeRozan,9.1,13.0,22.0,6.7,112,TOR,28,80,34.0,0.1,1.8,1.1,0.03,2.2,1.6,3.8,111.0,1.06,3.77
70,70,Carmelo Anthony,15.8,22.6,10.0,20.7,65,OKC,34,78,32.0,0.8,1.4,0.7,0.00,3.8,3.4,7.1,64.0,0.95,3.45
71,71,Damion Lee,13.8,18.3,31.1,3.3,89,ATL,25,15,27.0,0.0,1.7,1.3,0.00,1.9,2.8,4.7,88.0,0.97,4.43
72,72,Dion Waiters,7.8,11.0,16.3,10.3,133,MIA,26,30,31.0,0.3,1.5,0.7,0.00,4.2,3.0,7.2,132.0,0.94,3.81
73,73,Derrick Williams,14.3,14.3,0.0,0.0,126,LAL,27,2,4.0,0.0,0.0,0.0,0.00,0.5,0.5,1.0,125.0,0.14,3.96
74,74,Clint Capela,27.8,38.4,16.7,58.1,75,HOU,24,74,27.0,3.0,1.0,1.2,0.11,10.4,2.6,12.9,74.0,0.9,3.94
75,75,Blake Griffin,17.5,25.4,12.9,9.9,42,DET,29,58,34.0,2.9,1.4,1.1,0.21,5.8,3.9,9.7,41.0,1.0,3.57
76,76,Tyreke Evans,13.7,20.8,23.0,9.5,510,MEM,28,52,31.0,0.1,1.9,1.3,0.00,2.6,3.3,5.8,509.0,0.9,3.57
77,77,Gerald Green,12.4,17.3,16.6,15.8,172,HOU,32,41,23.0,0.2,1.1,0.8,0.02,3.1,2.2,5.3,171.0,0.76,4.08
78,78,Nikola Mirotic,21.3,31.0,17.0,22.2,398,NOP,27,55,27.0,0.8,1.7,1.2,0.07,5.8,3.3,9.1,397.0,0.93,3.94
79,79,Wayne Ellington,9.4,13.5,17.7,3.5,521,MIA,30,77,27.0,0.6,1.1,0.8,0.00,2.2,2.7,4.9,520.0,0.86,4.0
80,80,Myles Turner,17.4,25.6,10.7,58.7,385,IND,22,65,28.0,4.0,1.6,0.8,0.05,7.8,2.3,10.0,384.0,0.94,3.97
81,81,Kristaps Porzingis,15.4,22.4,17.5,57.5,309,NYK,22,48,32.0,2.3,1.5,1.0,0.15,9.4,4.3,13.7,308.0,1.02,3.81
82,82,Dante Exum,8.3,12.4,20.0,8.1,96,UTA,22,14,17.0,0.1,1.0,0.7,0.14,2.0,2.1,4.1,95.0,0.61,4.21
83,83,Royce O'Neale,17.5,24.5,19.1,11.8,442,UTA,25,69,17.0,0.1,1.0,0.6,0.00,2.1,1.4,3.5,441.0,0.56,4.13
84,84,Hassan Whiteside,31.7,44.8,18.2,54.7,182,MIA,29,54,25.0,3.1,1.1,0.9,0.02,8.6,1.0,9.6,181.0,0.79,3.92
85,85,Stanley Johnson,11.5,16.5,28.9,10.4,464,DET,22,69,27.0,0.1,2.1,1.0,0.00,2.9,2.3,5.2,463.0,0.94,4.15
86,86,Marcus Morris,16.6,24.2,16.7,9.0,350,BOS,28,54,27.0,0.9,0.9,0.9,0.04,3.4,2.3,5.8,349.0,0.83,3.82
87,87,Aaron Jackson,3.1,4.3,0.0,0.0,3,HOU,32,1,35.0,0.0,4.0,0.0,0.00,0.0,0.0,0.0,,,
88,88,Brandon Ingram,12.1,17.7,14.3,20.2,50,LAL,20,59,33.0,0.2,1.8,1.0,0.02,4.5,4.2,8.8,49.0,1.13,3.95
89,89,Nikola Jokic,25.4,35.6,23.5,28.1,397,DEN,23,75,33.0,4.3,2.5,1.2,0.11,9.5,3.1,12.6,396.0,0.98,3.66
90,90,Kemba Walker,7.7,10.5,24.3,9.0,295,CHA,28,80,34.0,0.2,1.9,1.3,0.30,4.3,3.7,8.0,294.0,1.06,3.73
91,91,Fred VanVleet,10.2,15.5,25.4,8.6,164,TOR,24,76,20.0,0.3,1.7,1.0,0.08,2.0,1.7,3.7,163.0,0.73,4.3
92,92,CJ Miles,9.7,15.1,16.2,11.2,61,TOR,31,70,19.0,0.2,1.1,0.5,0.09,1.6,1.7,3.3,60.0,0.6,3.79
93,93,Stephen Curry,12.4,18.5,27.9,3.3,465,GSW,30,51,32.0,0.7,2.7,1.7,0.08,2.3,2.3,4.6,464.0,1.13,3.95
94,94,Kelly Olynyk,20.0,28.5,20.7,20.8,293,MIA,27,76,23.0,2.7,1.9,0.8,0.20,5.7,2.1,7.8,292.0,0.76,3.98
95,95,Jonathan Isaac,14.1,21.1,35.9,44.1,264,ORL,20,27,20.0,0.5,2.2,0.7,0.15,5.6,1.7,7.3,263.0,0.66,4.08
96,96,Kentavious Caldwell-Pope,12.7,18.1,27.2,6.3,299,LAL,25,74,33.0,0.1,2.3,1.4,0.08,2.4,1.9,4.2,298.0,1.14,4.03
97,97,Andre Drummond,32.9,46.6,27.3,59.3,19,DET,24,78,34.0,4.7,3.2,1.2,0.01,9.2,2.0,11.2,18.0,1.12,4.01
98,98,Serge Ibaka,18.3,25.6,10.1,39.9,453,TOR,28,76,28.0,1.4,0.8,0.6,0.03,6.4,2.6,9.0,452.0,0.88,3.88
99,99,Pascal Siakam,16.8,25.2,20.5,19.2,410,TOR,24,81,21.0,1.0,1.4,1.0,0.00,4.2,2.2,6.4,409.0,0.73,4.18
100,100,Marcin Gortat,21.3,30.3,11.7,32.3,347,WAS,34,82,25.0,4.5,0.7,0.6,0.26,7.4,1.5,8.9,346.0,0.85,4.06
101,101,Patty Mills,6.1,9.0,16.5,4.4,415,SAS,29,82,26.0,0.2,1.3,0.9,0.04,1.6,1.6,3.1,414.0,0.85,4.1
102,102,Evan Turner,10.0,14.4,17.3,13.6,160,POR,29,79,26.0,0.2,1.0,0.8,0.00,3.0,2.4,5.4,159.0,0.83,4.01
103,103,Dorian Finney-Smith,12.1,16.9,15.2,12.5,137,DAL,25,21,21.0,0.2,0.9,0.7,0.05,2.6,2.0,4.7,136.0,0.73,4.24
104,104,Vander Blue,2.2,2.9,8.3,0.0,515,LAL,25,5,9.0,0.2,0.6,0.0,0.00,1.0,0.8,1.8,514.0,0.3,3.61
105,105,Delon Wright,10.7,15.9,27.7,16.3,116,TOR,26,69,21.0,0.2,2.0,0.9,0.09,2.8,1.6,4.4,115.0,0.73,4.25
106,106,Khris Middleton,13.3,19.8,21.1,6.2,304,MIL,26,82,36.0,0.7,2.7,1.3,0.13,3.7,3.6,7.3,303.0,1.2,3.82
107,107,Gary Harris,6.1,8.8,31.3,6.8,167,DEN,23,67,34.0,0.1,3.0,1.4,0.06,2.5,2.9,5.4,166.0,1.12,3.99
108,108,Larry Nance Jr.,19.9,29.7,30.0,28.6,323,CLE,25,66,22.0,2.0,2.4,1.0,0.03,5.2,1.9,7.1,322.0,0.77,4.11
109,109,James Johnson,14.8,21.6,23.0,23.0,219,MIA,31,73,27.0,1.9,1.9,1.0,0.00,4.7,2.9,7.6,218.0,0.87,3.98
110,110,Rudy Gay,17.5,25.1,25.3,30.9,443,SAS,31,57,22.0,0.5,1.6,1.0,0.05,3.9,2.6,6.6,442.0,0.71,4.1
111,111,Langston Galloway,8.9,12.7,23.8,7.1,321,DET,26,58,15.0,0.1,0.9,0.6,0.02,1.4,1.5,3.0,320.0,0.52,4.14
112,112,T.J. McConnell,10.0,15.0,32.9,6.8,468,PHI,26,76,22.0,0.2,2.3,1.1,0.01,2.1,1.6,3.7,467.0,0.82,4.32
113,113,Eric Bledsoe,10.0,15.2,32.4,15.0,154,MIL,28,74,31.0,0.5,3.4,1.4,0.04,4.0,3.0,7.0,153.0,1.06,3.92
114,114,Aaron Gordon,19.1,27.7,18.4,22.5,1,ORL,22,58,33.0,0.9,1.4,1.2,0.07,4.7,1.8,6.5,1.0,1.07,3.88
115,115,Bam Adebayo,19.4,27.0,15.9,26.8,37,MIA,20,69,20.0,2.9,1.1,0.7,0.01,4.8,1.8,6.7,36.0,0.65,4.06
116,116,Kyle Kuzma,15.4,22.7,13.6,15.4,313,LAL,22,77,31.0,0.7,1.0,0.7,0.08,6.0,3.2,9.2,312.0,1.07,4.03
117,117,Jerryd Bayless,6.6,9.9,13.4,5.9,243,PHI,29,39,24.0,0.1,1.0,0.8,0.05,3.0,2.2,5.2,242.0,0.81,4.02
118,118,Iman Shumpert,11.3,17.0,23.1,16.7,187,SAC,28,14,20.0,0.4,1.9,0.9,0.00,1.6,1.9,3.4,186.0,0.73,4.4
119,119,Nene,15.6,21.6,17.0,24.6,389,HOU,35,52,15.0,2.0,1.4,0.5,0.04,3.5,1.9,5.4,388.0,0.5,3.99
120,120,Raul Neto,7.9,10.9,14.9,6.2,427,UTA,26,41,12.0,0.2,0.5,0.6,0.07,2.1,1.5,3.6,426.0,0.41,4.23
121,121,Nikola Vucevic,24.9,35.1,18.2,42.2,399,ORL,27,57,30.0,3.7,1.9,0.6,0.02,8.1,1.7,9.8,398.0,0.94,3.84
122,122,Dwyane Wade,12.4,18.4,26.2,32.4,145,MIA,36,67,23.0,0.3,1.9,0.9,0.01,2.7,2.3,5.0,144.0,0.73,3.79
123,123,Reggie Jackson,8.4,12.1,13.4,5.3,431,DET,28,45,27.0,0.3,1.3,1.0,0.09,2.3,3.0,5.3,430.0,0.86,3.95
124,124,Will Barton,12.6,18.3,19.5,18.6,526,DEN,27,81,33.0,0.1,1.8,1.0,0.00,3.4,2.7,6.1,525.0,1.04,3.85
125,125,Jacob Wiley,22.5,26.5,20.0,0.0,206,BKN,23,5,7.0,0.4,0.2,0.2,0.00,1.6,0.6,2.2,205.0,0.28,4.01
126,126,DeMarre Carroll,16.5,24.3,20.4,13.2,114,BKN,31,73,30.0,0.6,1.7,1.3,0.05,4.9,2.4,7.3,113.0,0.95,3.95
127,127,Shabazz Napier,9.0,13.0,37.0,9.1,455,POR,26,74,21.0,0.1,2.0,0.8,0.03,1.9,1.7,3.7,454.0,0.65,3.93
128,128,Mario Chalmers,10.4,15.7,30.9,9.9,353,MEM,32,66,22.0,0.2,1.9,0.9,0.20,1.4,1.3,2.7,352.0,0.65,3.72
129,129,Andrew Wiggins,9.4,14.0,17.3,18.2,26,MIN,23,82,36.0,0.2,1.7,1.1,0.00,4.3,4.7,9.0,25.0,1.14,3.92
130,130,OG Anunoby,9.0,12.6,24.0,7.5,402,TOR,20,74,20.0,0.1,1.3,0.6,0.03,3.0,2.2,5.2,401.0,0.72,4.36
131,131,Reggie Bullock,7.2,10.3,18.2,8.6,429,DET,27,62,28.0,0.2,1.2,0.9,0.03,2.7,2.8,5.5,428.0,0.96,4.16
132,132,Mindaugas Kuzminskas,0.0,0.0,0.0,0.0,380,NYK,28,1,2.0,-,-,-,-,-,-,-,379.0,0.07,4.46
133,133,Amir Johnson,16.9,23.5,19.7,40.4,18,PHI,31,74,16.0,2.5,1.0,0.7,0.08,4.7,0.8,5.5,17.0,0.54,3.98
134,134,John Henson,18.5,26.9,12.8,42.6,255,MIL,27,76,26.0,2.7,1.5,0.5,0.00,7.9,1.7,9.6,254.0,0.88,3.92
135,135,Cory Joseph,10.1,14.7,20.9,9.9,79,IND,26,82,27.0,0.3,1.5,0.9,0.07,3.0,3.5,6.5,78.0,0.99,4.43
136,136,Rajon Rondo,12.4,18.5,23.8,4.4,424,NOP,32,65,26.0,0.6,2.0,1.2,0.03,1.4,1.9,3.3,423.0,0.89,3.95
137,137,Luke Kennard,10.4,14.9,20.2,9.6,334,DET,22,73,20.0,0.1,0.9,0.6,0.01,2.0,2.0,4.0,333.0,0.67,4.06
138,138,JaKarr Sampson,16.1,23.2,14.3,51.2,199,SAC,25,22,16.0,0.3,0.9,0.5,0.05,3.4,2.0,5.4,198.0,0.53,4.14
139,139,Kyle Korver,9.3,13.7,13.2,18.4,312,CLE,37,73,22.0,0.8,0.7,0.6,0.05,3.0,2.4,5.3,311.0,0.76,4.12
140,140,Dwight Howard,29.5,40.8,14.7,49.6,143,CHA,32,81,30.0,4.2,1.6,0.6,0.00,7.2,1.6,8.8,142.0,0.94,3.73
141,141,Karl-Anthony Towns,27.2,39.7,13.0,43.1,290,MIN,22,82,36.0,2.6,1.4,1.4,0.21,11.5,2.9,14.4,289.0,1.14,3.98
142,142,Ish Smith,9.5,13.5,20.4,10.9,193,DET,29,82,25.0,0.1,1.4,1.1,0.13,2.8,2.0,4.9,192.0,0.87,4.21
143,143,Taj Gibson,14.6,21.5,12.9,22.7,471,MIN,33,82,33.0,2.5,1.3,1.1,0.00,6.4,4.2,10.6,470.0,1.08,4.05
144,144,Paul Millsap,15.3,22.7,20.4,37.6,418,DEN,33,38,30.0,0.8,2.2,1.3,0.24,7.2,3.5,10.6,417.0,0.93,3.82
145,145,Bryn Forbes,6.5,9.4,12.2,1.3,57,SAS,24,80,19.0,0.1,0.5,0.5,0.00,1.8,1.6,3.4,56.0,0.64,4.11
146,146,Dillon Brooks,9.2,13.5,20.6,7.9,132,MEM,22,82,29.0,0.1,1.7,0.8,0.06,3.7,3.9,7.6,131.0,0.98,4.19
147,147,Ersan Ilyasova,16.1,23.9,21.8,14.0,158,PHI,31,69,25.0,1.8,1.7,0.9,0.46,4.6,2.2,6.8,157.0,0.83,3.92
148,148,Domantas Sabonis,22.7,33.1,12.5,25.0,135,IND,22,74,24.0,3.8,1.0,0.7,0.03,6.5,1.9,8.3,134.0,0.83,4.06
149,149,Darren Collison,7.2,10.5,23.0,7.8,101,IND,30,69,29.0,0.2,2.3,1.1,0.00,1.9,2.8,4.7,100.0,0.99,4.07
150,150,Ryan Anderson,13.9,19.3,8.7,13.5,446,HOU,30,66,26.0,1.1,0.6,0.6,0.09,4.8,2.1,6.9,445.0,0.84,3.89
151,151,Kevin Durant,16.9,25.6,13.3,33.7,300,GSW,29,68,34.0,0.6,1.5,1.0,0.04,6.3,3.4,9.7,299.0,1.08,3.62
152,152,Justin Holiday,11.4,15.2,22.5,17.5,284,CHI,29,72,31.0,0.3,2.2,0.9,0.01,4.4,3.6,7.9,283.0,1.09,4.09
153,153,Nigel Hayes,14.5,20.0,12.5,37.5,395,SAC,23,9,14.0,0.6,0.8,0.6,0.00,2.1,0.8,2.9,394.0,0.43,3.88
154,154,Dwight Powell,19.0,27.2,25.7,33.0,144,DAL,26,79,21.0,2.1,1.7,0.9,0.09,5.5,3.1,8.6,143.0,0.71,4.12
155,155,Joe Johnson,13.0,18.7,8.7,6.1,249,HOU,37,55,22.0,0.4,0.7,0.7,0.00,2.4,2.8,5.2,248.0,0.66,3.77
156,156,Anthony Tolliver,10.9,15.6,11.7,15.4,30,DET,33,79,22.0,1.5,0.7,0.7,0.23,3.9,2.4,6.3,29.0,0.73,3.92
157,157,Milos Teodosic,9.0,13.4,14.3,5.4,378,LAC,31,45,25.0,0.4,1.3,0.9,0.18,3.0,2.0,5.0,377.0,0.84,3.91
158,158,Tyrone Wallace,9.1,13.6,18.4,14.8,511,LAC,24,30,28.0,0.2,1.8,1.3,0.00,4.3,3.5,7.8,510.0,1.02,4.22
159,159,Frank Ntilikina,7.9,11.7,25.6,9.4,163,NYK,19,78,22.0,0.1,1.6,0.7,0.01,3.0,1.8,4.8,162.0,0.73,4.06
160,160,Doug McDermott,8.7,12.7,7.4,9.0,138,DAL,26,81,22.0,0.2,0.5,0.5,0.00,2.0,2.1,4.1,137.0,0.77,4.34
161,161,Avery Bradley,6.8,9.8,22.4,7.5,36,LAC,27,46,31.0,0.3,1.9,0.9,0.11,2.0,3.0,5.0,35.0,1.11,4.31
162,162,Tomas Satoransky,9.9,14.2,20.2,10.6,487,WAS,26,73,23.0,0.1,1.4,0.9,0.07,2.7,2.1,4.8,486.0,0.8,4.37
163,163,Dirk Nowitzki,22.7,31.7,16.3,38.8,134,DAL,40,77,25.0,2.0,1.0,0.4,0.00,5.6,1.6,7.2,133.0,0.67,3.39
164,164,Marvin Williams,14.0,19.3,20.4,17.4,362,CHA,32,78,26.0,1.2,1.7,0.6,0.00,4.7,2.3,7.0,361.0,0.84,3.93
165,165,Brandan Wright,16.1,24.9,21.0,49.1,49,HOU,30,28,14.0,2.0,0.9,0.4,0.00,4.5,1.0,5.5,48.0,0.44,3.86
166,166,Shaquille Harrison,13.0,18.3,33.3,20.0,457,PHX,24,23,17.0,0.2,2.1,0.9,0.00,2.5,2.1,4.6,456.0,0.65,4.53
167,167,Jae Crowder,10.3,14.8,18.1,11.5,207,UTA,27,80,26.0,0.6,1.5,0.7,0.03,3.8,3.0,6.8,206.0,0.87,4.02
168,168,Marco Belinelli,6.6,10.1,20.1,6.6,348,PHI,32,80,24.0,0.2,1.4,0.7,0.00,1.9,2.6,4.6,347.0,0.81,3.95
169,169,Shane Larkin,10.1,14.3,22.3,2.9,456,BOS,25,54,14.0,0.0,1.0,0.6,0.11,1.3,1.3,2.6,455.0,0.5,4.3
170,170,Alex Caruso,8.6,12.4,22.3,20.8,13,LAL,24,37,15.0,0.1,1.2,0.6,0.08,2.1,1.6,3.7,12.0,0.55,4.11
171,171,Markieff Morris,17.3,25.0,17.3,22.1,357,WAS,28,73,27.0,1.5,1.3,0.9,0.05,4.5,2.2,6.7,356.0,0.83,3.74
172,172,Pat Connaughton,8.0,11.3,12.4,16.7,411,POR,25,82,18.0,0.2,0.6,0.6,0.01,3.0,1.9,4.9,410.0,0.59,4.12
173,173,Jeff Green,9.5,14.3,15.2,22.4,235,CLE,31,78,23.0,0.9,1.0,0.6,0.08,4.5,3.0,7.5,234.0,0.76,3.86
174,174,Maurice Harkless,9.0,12.7,23.2,27.0,367,POR,25,59,21.0,0.2,1.5,0.6,0.00,3.5,1.9,5.4,366.0,0.72,4.21
175,175,Jordan Clarkson,8.0,12.0,19.2,3.7,267,CLE,26,81,23.0,0.2,1.1,0.8,0.00,3.2,2.3,5.5,266.0,0.8,4.06
176,176,Derrick White,12.8,19.8,13.8,16.7,125,SAS,23,17,8.0,0.1,0.5,0.3,0.06,1.0,1.5,2.5,124.0,0.28,4.0
177,177,Jakob Poeltl,15.0,22.5,14.8,52.9,210,TOR,22,82,19.0,2.8,1.0,0.7,0.05,8.5,1.5,9.9,209.0,0.68,4.37
178,178,D.J. Augustin,7.2,10.7,19.9,0.0,83,ORL,30,75,23.0,0.3,0.9,0.8,0.11,1.4,1.4,2.9,82.0,0.74,3.94
179,179,Ed Davis,25.4,36.4,17.3,37.1,147,POR,29,78,19.0,3.6,0.8,0.6,0.01,6.0,0.9,6.9,146.0,0.61,4.07
180,180,Jerami Grant,14.0,21.3,11.1,37.0,238,OKC,24,81,20.0,1.7,0.7,0.6,0.21,4.4,2.2,6.6,237.0,0.7,4.05
181,181,Michael Kidd-Gilchrist,11.5,15.6,19.7,16.7,372,CHA,24,74,25.0,0.2,1.1,0.9,0.07,4.4,3.0,7.5,371.0,0.92,4.43
182,182,J.J. Barea,12.0,17.0,15.5,2.7,196,DAL,34,69,23.0,0.1,0.7,0.8,0.04,1.3,1.9,3.2,195.0,0.71,3.83
183,183,Gian Clavell,10.2,13.3,18.2,0.0,173,DAL,24,7,9.0,0.0,0.7,0.3,0.00,0.7,1.4,2.1,172.0,0.33,4.1
184,184,Harrison Barnes,15.4,21.7,12.9,6.7,181,DAL,26,77,34.0,0.9,1.1,1.3,0.01,4.9,3.6,8.5,180.0,1.11,4.05
185,185,John Collins,20.1,30.3,15.0,48.5,254,ATL,20,74,24.0,3.1,1.0,0.9,0.00,7.7,2.2,10.0,253.0,0.82,4.1
186,186,Robin Lopez,9.3,12.2,5.5,37.6,436,CHI,30,64,26.0,4.1,0.3,0.6,0.02,9.3,1.8,11.1,435.0,0.86,3.92
187,187,Allen Crabbe,13.0,19.0,16.1,15.7,17,BKN,26,75,29.0,0.2,1.5,0.9,0.01,3.5,2.0,5.5,16.0,0.96,4.02
188,188,Dwight Buycks,6.7,9.6,28.8,5.9,142,DET,29,29,15.0,0.1,1.5,0.3,0.07,1.3,1.6,2.8,141.0,0.49,4.01
189,189,Wilson Chandler,12.7,18.1,11.1,15.7,530,DEN,31,74,32.0,0.2,1.0,1.1,0.00,3.8,3.0,6.8,529.0,1.01,3.89
190,190,Cody Zeller,18.4,24.8,14.3,46.7,76,CHA,25,33,19.0,3.9,0.7,0.6,0.06,4.5,0.8,5.3,75.0,0.63,4.04
191,191,Davis Bertans,12.2,17.8,14.9,23.5,106,SAS,25,77,14.0,0.5,0.6,0.3,0.01,3.9,1.6,5.5,105.0,0.47,3.97
192,192,Matt Williams Jr.,8.3,10.0,0.0,0.0,365,MIA,24,3,4.0,0.0,0.7,0.0,0.00,0.3,0.0,0.3,364.0,0.13,3.93
193,193,Caris LeVert,10.4,15.3,33.3,12.4,64,BKN,23,71,26.0,0.2,2.3,1.1,0.08,3.4,2.8,6.1,63.0,0.86,4.07
194,194,Lorenzo Brown,9.7,13.5,22.7,0.0,328,TOR,27,14,10.0,0.1,0.8,0.1,0.00,0.8,1.1,1.9,327.0,0.36,4.22
195,195,Isaiah Taylor,5.8,8.4,18.4,10.6,190,ATL,23,67,17.0,0.0,0.8,0.7,0.03,1.7,1.8,3.5,189.0,0.59,4.06
196,196,Buddy Hield,12.9,19.0,25.0,12.6,58,SAC,24,80,25.0,0.1,1.9,1.2,0.00,3.8,2.8,6.6,57.0,0.91,4.33
197,197,Marc Gasol,22.5,32.8,15.5,43.2,346,MEM,33,73,33.0,3.4,1.7,1.0,0.14,8.1,1.7,9.8,345.0,0.91,3.47
198,198,Terrence Ross,10.2,15.1,24.3,15.7,475,ORL,27,24,25.0,0.1,2.1,0.9,0.00,3.0,2.0,5.0,474.0,0.92,4.25
199,199,Spencer Dinwiddie,9.4,13.4,23.4,10.6,463,BKN,25,80,29.0,0.5,1.6,1.0,0.03,3.5,2.1,5.6,462.0,0.87,3.72
200,200,Kelly Oubre Jr.,13.6,20.2,22.4,17.1,294,WAS,22,81,28.0,0.2,2.7,0.9,0.12,3.5,2.9,6.3,293.0,0.92,4.07
201,201,Danuel House,14.0,20.5,13.0,23.1,97,PHX,25,23,18.0,0.1,0.5,0.4,0.00,3.3,2.5,5.8,96.0,0.59,4.11
202,202,Wade Baldwin IV,9.0,11.9,16.7,16.7,519,POR,22,7,11.0,0.6,0.7,0.3,0.00,1.4,0.7,2.1,518.0,0.43,4.53
203,203,Nicolas Batum,12.4,17.1,23.6,10.7,393,CHA,29,64,31.0,0.3,1.5,1.1,0.02,3.8,2.9,6.6,392.0,1.06,4.14
204,204,Kent Bazemore,12.4,18.9,31.2,25.0,298,ATL,28,65,28.0,0.4,2.9,1.2,0.02,3.5,2.3,5.8,297.0,0.96,4.24
205,205,Manu Ginobili,9.3,14.0,22.6,10.8,344,SAS,40,65,20.0,0.2,1.9,0.6,0.23,1.4,1.2,2.6,343.0,0.62,3.86
206,206,Jamel Artis,11.9,17.1,5.7,10.0,216,ORL,25,15,19.0,0.1,0.7,0.3,0.00,2.1,1.5,3.5,215.0,0.61,4.08
207,207,Denzel Valentine,16.8,22.9,19.8,6.8,120,CHI,24,77,27.0,0.1,1.6,1.1,0.01,3.0,3.5,6.5,119.0,0.96,4.12
208,208,Julius Randle,20.2,29.2,14.2,21.7,281,LAL,23,82,27.0,2.0,1.1,1.2,0.02,5.7,2.7,8.3,280.0,0.85,3.74
209,209,Tim Hardaway Jr.,9.9,14.4,23.8,5.5,482,NYK,26,57,33.0,0.2,1.5,1.2,0.21,3.0,3.6,6.6,481.0,1.09,4.02
210,210,Jeremy Lamb,14.0,19.4,22.5,17.7,240,CHA,26,80,25.0,0.1,1.6,0.9,0.01,2.4,3.0,5.5,239.0,0.83,4.1
211,211,Joe Harris,10.1,14.6,16.1,11.0,247,BKN,26,78,25.0,0.2,0.8,0.8,0.03,4.2,2.3,6.5,246.0,0.84,4.1
212,212,Timothe Luwawu-Cabarrot,6.4,9.3,11.1,6.0,485,PHI,23,52,16.0,0.1,0.7,0.5,0.00,2.3,1.8,4.0,484.0,0.57,4.3
213,213,Daniel Theis,18.9,27.8,22.2,47.1,92,BOS,26,63,15.0,1.8,0.9,0.6,0.00,5.1,1.3,6.5,91.0,0.5,4.12
214,214,Shaun Livingston,8.0,12.1,18.5,10.2,458,GSW,32,71,16.0,0.4,0.8,0.5,0.00,2.2,1.3,3.6,457.0,0.55,3.98
215,215,Jonas Valanciunas,26.3,36.8,13.8,34.3,262,TOR,26,77,22.0,2.2,0.8,0.7,0.04,9.9,1.1,11.0,261.0,0.74,4.0
216,216,Jeff Teague,8.1,12.1,25.7,11.2,236,MIN,30,70,33.0,0.4,2.7,1.2,0.10,2.6,2.9,5.5,235.0,0.98,3.68
217,217,Lou Williams,5.9,8.9,21.8,7.5,329,LAC,31,79,33.0,0.3,2.1,1.2,0.05,2.3,2.8,5.0,328.0,1.02,3.66
218,218,Dewayne Dedmon,24.9,35.5,16.0,35.9,130,ATL,28,62,25.0,2.8,1.3,1.0,0.06,5.8,2.8,8.6,129.0,0.81,3.92
219,219,Tony Parker,8.3,12.0,16.7,0.9,490,SAS,36,55,19.0,0.1,0.6,0.6,0.02,1.1,1.4,2.6,489.0,0.65,4.19
220,220,Devin Harris,8.5,12.3,23.7,9.6,128,DEN,35,71,19.0,0.1,1.3,0.8,0.17,1.4,1.5,2.9,127.0,0.57,3.78
221,221,Malcolm Brogdon,9.7,14.3,16.6,9.1,338,MIL,25,48,30.0,0.4,1.2,1.0,0.02,3.7,2.6,6.3,337.0,1.01,3.93
222,222,Jamal Murray,8.7,12.3,19.0,11.5,213,DEN,21,81,32.0,0.4,2.0,1.2,0.06,4.3,3.4,7.7,212.0,1.06,4.07
223,223,Ekpe Udoh,10.5,15.1,25.0,67.3,149,UTA,31,63,13.0,2.4,1.1,0.5,0.00,5.3,1.2,6.4,148.0,0.43,4.05
224,224,Jawun Evans,9.2,14.5,24.8,7.0,231,LAC,21,48,16.0,0.1,1.7,0.5,0.10,1.3,1.5,2.8,230.0,0.63,4.48
225,225,Rodney Hood,9.1,13.0,17.6,8.5,437,CLE,25,60,27.0,0.2,1.1,0.7,0.03,3.0,2.2,5.2,436.0,0.89,4.01
226,226,Garrett Temple,8.4,12.3,21.1,18.0,166,SAC,32,65,25.0,0.1,1.9,0.9,0.02,2.6,3.2,5.8,165.0,0.81,4.09
227,227,Shelvin Mack,10.2,15.7,25.5,5.6,459,ORL,28,69,20.0,0.1,1.6,0.8,0.04,2.1,2.4,4.5,458.0,0.68,4.16
228,228,Eric Moreland,24.3,36.9,21.2,72.9,156,DET,26,67,12.0,1.9,0.9,0.4,0.19,4.1,0.8,4.9,155.0,0.42,4.27
229,229,Evan Fournier,8.4,12.6,14.9,8.7,159,ORL,25,57,32.0,0.4,2.2,0.8,0.02,3.1,2.3,5.4,158.0,1.1,4.02
230,230,Frank Mason,10.7,16.1,19.8,10.4,162,SAC,24,52,19.0,0.1,0.9,0.8,0.00,1.1,1.9,3.0,161.0,0.61,3.92
231,231,Ian Clark,7.4,11.2,14.2,5.8,184,NOP,27,74,20.0,0.3,0.7,0.6,0.01,2.0,1.7,3.7,183.0,0.67,4.05
232,232,Ivica Zubac,16.8,23.3,13.3,34.9,195,LAL,21,43,10.0,1.2,0.3,0.3,0.00,3.9,1.1,5.0,194.0,0.32,3.92
233,233,Isaiah Whitehead,11.3,15.5,33.3,14.3,192,BKN,23,16,11.0,0.0,0.6,0.3,0.00,1.4,1.4,2.9,191.0,0.36,3.88
234,234,Quincy Acy,15.3,22.1,19.4,23.8,420,BKN,27,70,19.0,1.5,1.4,0.4,0.30,4.5,1.6,6.1,419.0,0.6,3.79
235,235,Jaylen Morris,12.5,18.4,15.4,8.3,233,ATL,22,6,16.0,0.0,1.0,0.5,0.17,4.0,2.7,6.7,232.0,0.53,4.21
236,236,Rondae Hollis-Jefferson,17.5,25.5,27.1,23.3,441,BKN,23,68,28.0,1.7,1.9,0.9,0.01,6.4,2.2,8.6,440.0,0.96,4.19
237,237,Semi Ojeleye,10.6,15.3,11.9,4.3,452,BOS,23,73,16.0,0.2,0.6,0.3,0.10,2.6,1.8,4.4,451.0,0.55,4.15
238,238,Mike James,10.4,15.3,28.0,9.2,374,NOP,27,36,19.0,0.0,1.5,0.8,0.00,2.3,1.4,3.7,373.0,0.66,4.14
239,239,Dante Cunningham,13.3,19.7,15.9,18.3,95,BKN,31,73,21.0,1.0,1.0,0.6,0.01,4.6,1.6,6.3,94.0,0.76,4.23
240,240,Willie Cauley-Stein,19.7,29.1,22.4,38.1,527,SAC,24,73,28.0,3.2,1.9,1.0,0.12,6.2,3.1,9.3,526.0,0.94,4.04
241,241,Tyus Jones,8.3,12.2,35.1,4.7,513,MIN,22,82,18.0,0.1,1.9,0.8,0.09,1.6,1.9,3.5,512.0,0.62,4.27
242,242,James Ennis III,9.6,14.3,19.3,9.8,217,DET,27,72,22.0,0.2,1.3,0.7,0.01,2.5,2.5,5.0,216.0,0.76,4.21
243,243,Wesley Johnson,12.2,17.9,28.5,38.8,524,LAC,30,74,20.0,0.1,2.0,0.5,0.01,3.5,2.1,5.6,523.0,0.7,4.1
244,244,DeAndre Jordan,33.9,48.5,10.8,33.8,109,LAC,29,77,31.0,4.0,1.1,0.8,0.03,6.2,1.6,7.8,108.0,0.97,3.73
245,245,Jarell Martin,13.9,20.8,15.3,27.5,226,MEM,24,73,23.0,0.7,1.1,0.6,0.08,4.6,2.5,7.0,225.0,0.78,4.24
246,246,Nicolas Brussino,20.0,25.0,0.0,0.0,394,ATL,25,4,2.0,0.0,0.3,0.0,0.00,0.3,0.3,0.5,393.0,0.08,3.36
247,247,Travis Wear,16.3,22.1,13.3,22.7,493,LAL,27,17,13.0,0.5,0.5,0.4,0.00,3.0,1.9,4.9,492.0,0.44,3.84
248,248,Dennis Smith Jr.,10.6,15.0,23.1,11.7,119,DAL,20,69,30.0,0.5,2.1,1.3,0.06,3.3,3.7,7.1,118.0,0.95,4.01
249,249,Okaro White,9.9,13.8,16.7,16.7,403,CLE,25,6,13.0,0.3,0.5,0.3,0.33,2.7,1.2,3.8,402.0,0.48,4.35
250,250,Tobias Harris,14.5,20.9,17.2,18.5,486,LAC,25,80,33.0,1.3,1.5,1.1,0.01,5.9,3.8,9.7,485.0,1.1,4.0
251,251,Raymond Felton,9.7,15.0,20.9,10.7,428,OKC,34,82,17.0,0.2,1.1,0.8,0.02,1.7,1.6,3.3,427.0,0.54,3.86
252,252,Andrew Harrison,8.5,12.4,21.0,19.4,24,MEM,23,56,24.0,0.2,1.7,0.9,0.21,2.3,2.7,5.0,23.0,0.76,4.01
253,253,Malcolm Delaney,9.0,13.9,21.7,7.4,339,ATL,29,54,19.0,0.2,1.3,0.4,0.22,1.0,1.6,2.6,338.0,0.6,3.89
254,254,Jonas Jerebko,17.5,24.4,12.3,12.4,261,UTA,31,74,15.0,0.5,0.6,0.3,0.08,2.8,1.2,4.0,260.0,0.51,4.11
255,255,Trevor Booker,17.2,25.0,14.7,20.6,496,IND,30,68,17.0,1.8,0.8,0.7,0.04,2.9,1.9,4.8,495.0,0.58,4.14
256,256,Wes Iwundu,10.0,14.7,20.5,13.0,523,ORL,23,62,16.0,0.1,0.8,0.5,0.05,1.8,1.7,3.5,522.0,0.57,4.38
257,257,Brook Lopez,12.0,16.7,11.0,54.1,55,LAL,30,74,23.0,2.1,1.0,0.5,0.00,10.1,2.5,12.6,54.0,0.77,3.92
258,258,Jamil Wilson,10.0,14.4,13.5,24.2,223,LAC,27,15,18.0,0.9,0.8,0.5,0.13,3.5,2.1,5.6,222.0,0.6,3.71
259,259,Tyler Zeller,16.8,23.4,10.0,36.5,509,MIL,28,66,17.0,2.0,0.4,0.4,0.11,6.9,1.4,8.3,508.0,0.56,4.12
260,260,Jack Cooley,18.4,26.7,8.3,0.0,204,SAC,27,7,12.0,2.6,0.1,1.0,0.00,3.1,1.3,4.4,203.0,0.38,4.04
261,261,Josh Hart,14.3,20.9,21.6,13.0,272,LAL,23,63,23.0,0.1,1.3,0.7,0.03,4.9,2.9,7.8,271.0,0.83,4.11
262,262,C.J. Williams,5.8,8.7,27.9,18.8,59,LAC,28,38,19.0,0.1,1.4,0.7,0.00,2.5,2.3,4.7,58.0,0.66,4.19
263,263,Jarrett Jack,10.6,15.4,18.3,2.3,228,NYK,34,62,25.0,0.2,1.1,1.0,0.03,1.7,2.6,4.3,227.0,0.8,3.91
264,264,Maxi Kleber,13.7,19.2,16.0,38.2,368,DAL,26,72,17.0,1.4,0.8,0.4,0.04,4.9,1.9,6.8,367.0,0.55,4.1
265,265,Darius Miller,7.0,10.4,9.3,7.9,99,NOP,28,82,24.0,0.2,0.8,0.7,0.00,3.0,2.4,5.5,98.0,0.75,3.71
266,266,Wesley Matthews,8.5,12.2,24.1,9.5,525,DAL,31,63,34.0,0.2,1.9,1.3,0.06,2.7,3.0,5.7,524.0,1.05,3.91
267,267,Alec Burks,16.8,23.4,22.3,7.4,10,UTA,26,64,17.0,0.1,0.9,0.6,0.02,1.6,1.4,3.0,9.0,0.55,4.11
268,268,David West,16.3,24.2,27.0,44.4,105,GSW,37,73,14.0,1.4,1.3,0.4,0.01,4.8,1.6,6.4,104.0,0.42,3.65
269,269,Emeka Okafor,17.5,26.4,13.6,39.1,151,NOP,35,26,14.0,1.1,0.7,0.4,0.04,5.0,0.8,5.9,150.0,0.46,3.88
270,270,Noah Vonleh,26.5,36.7,14.7,23.3,400,CHI,22,54,16.0,0.9,0.6,0.7,0.02,3.5,1.5,5.1,399.0,0.54,4.01
271,271,Lauri Markkanen,21.7,28.8,12.7,25.5,324,CHI,21,68,30.0,1.1,1.1,0.7,0.01,6.3,2.5,8.8,323.0,0.97,3.86
272,272,Nick Young,7.1,10.6,17.0,3.2,392,GSW,33,80,17.0,0.4,0.8,0.6,0.03,1.8,1.6,3.4,391.0,0.56,3.84
273,273,Josh Huestis,11.7,17.6,10.0,31.4,273,OKC,26,69,14.0,0.1,0.4,0.4,0.01,3.1,1.6,4.6,272.0,0.52,4.31
274,274,Kris Dunn,13.1,17.7,40.3,21.4,308,CHI,24,52,29.0,0.2,3.1,1.4,0.00,3.9,3.9,7.7,307.0,1.02,4.09
275,275,Kosta Koufos,23.6,34.5,21.8,26.7,307,SAC,29,71,20.0,2.8,1.2,0.5,0.00,5.9,1.3,7.2,306.0,0.66,4.16
276,276,Omri Casspi,20.5,30.7,14.4,15.7,406,GSW,30,53,14.0,0.2,0.6,0.3,0.00,2.5,1.0,3.6,405.0,0.49,4.12
277,277,Glenn Robinson III,7.8,10.9,25.0,6.3,175,IND,24,23,15.0,0.1,0.8,0.4,0.00,2.2,1.5,3.7,174.0,0.51,4.31
278,278,RJ Hunter,9.4,12.5,60.0,0.0,423,HOU,24,5,9.0,0.0,1.2,0.6,0.00,0.2,0.8,1.0,422.0,0.3,3.95
279,279,Marshall Plumlee,24.5,32.5,0.0,25.0,361,MIL,25,8,6.0,1.0,0.4,0.1,0.00,2.4,0.1,2.5,360.0,0.22,4.1
280,280,Nerlens Noel,27.3,37.7,38.3,68.8,390,DAL,24,30,16.0,1.5,2.1,0.6,0.07,4.9,1.3,6.2,389.0,0.52,4.14
281,281,Kyle O'Quinn,24.2,36.3,18.1,56.6,315,NYK,28,77,18.0,1.7,1.0,0.7,0.01,6.4,1.4,7.9,314.0,0.57,3.91
282,282,DeAndre' Bembry,14.2,21.8,25.6,30.0,111,ATL,23,26,18.0,0.1,1.5,0.6,0.04,2.2,1.5,3.6,110.0,0.63,4.15
283,283,Mike Muscala,15.2,21.8,18.9,29.3,375,ATL,26,53,20.0,1.5,0.9,0.4,0.00,6.2,2.6,8.8,374.0,0.69,4.23
284,284,Jason Terry,5.6,8.3,25.8,16.0,230,MIL,40,51,16.0,0.2,1.3,0.5,0.02,1.4,1.2,2.6,229.0,0.56,4.17
285,285,JaMychal Green,21.8,31.0,14.5,18.7,200,MEM,28,55,28.0,1.3,1.3,1.0,0.05,3.3,2.9,6.2,199.0,0.93,4.1
286,286,Jarrett Allen,15.7,23.9,15.2,53.3,227,BKN,20,72,20.0,2.2,0.8,0.7,0.00,9.7,1.3,11.0,226.0,0.65,4.01
287,287,Nemanja Bjelica,16.4,23.5,23.1,17.2,388,MIN,30,67,20.0,0.4,1.3,0.6,0.03,4.2,2.5,6.7,387.0,0.69,4.17
288,288,Sindarius Thornwell,8.6,12.8,26.7,22.9,460,LAC,23,73,16.0,0.1,1.1,0.6,0.05,2.4,1.9,4.4,459.0,0.6,4.37
289,289,Miles Plumlee,16.0,22.9,14.4,38.0,377,ATL,29,55,17.0,3.0,0.7,0.5,0.04,6.1,1.1,7.2,376.0,0.55,4.05
290,290,Ryan Arcidiacono,7.7,10.6,23.2,0.0,447,CHI,24,24,13.0,0.1,0.8,0.3,0.17,0.5,1.3,1.8,446.0,0.47,4.23
291,291,Johnathan Motley,20.0,28.9,18.8,20.0,258,DAL,23,11,16.0,1.4,0.5,0.4,0.00,3.3,1.0,4.3,257.0,0.5,3.75
292,292,Quinn Cook,9.4,14.0,10.7,1.0,422,GSW,25,33,22.0,0.3,0.5,0.7,0.00,1.6,1.6,3.2,421.0,0.78,4.22
293,293,Justin Jackson,10.9,15.7,12.4,9.8,285,SAC,23,68,22.0,0.1,0.6,0.6,0.00,2.5,1.9,4.5,284.0,0.75,4.13
294,294,Milton Doyle,12.5,17.2,25.0,18.2,379,BKN,24,10,12.0,0.0,0.6,1.3,0.00,1.5,1.0,2.5,378.0,0.4,4.06
295,295,Isaiah Canaan,9.4,14.2,29.6,4.0,188,PHX,27,20,21.0,0.1,1.6,1.1,0.10,1.9,1.6,3.5,187.0,0.71,4.12
296,296,Khem Birch,19.1,27.9,15.5,37.5,303,ORL,25,42,14.0,1.9,0.7,0.5,0.05,4.3,1.2,5.6,302.0,0.45,4.09
297,297,Jordan Bell,16.2,24.3,24.8,36.8,266,GSW,23,57,14.0,1.5,1.2,0.5,0.00,4.6,2.2,6.8,265.0,0.51,4.17
298,298,Richaun Holmes,18.2,27.0,16.1,42.0,433,PHI,24,48,16.0,1.6,0.8,0.5,0.00,4.3,1.5,5.8,432.0,0.52,3.98
299,299,Gordon Hayward,20.0,25.0,0.0,0.0,177,BOS,28,1,5.0,0.0,0.0,1.0,0.00,0.0,0.0,0.0,176.0,0.19,4.61
300,300,Sam Dekker,13.6,20.9,16.3,10.1,449,LAC,24,73,12.0,0.3,0.6,0.5,0.00,2.3,1.1,3.3,448.0,0.45,4.27
301,301,Lance Thomas,9.8,14.3,16.2,11.7,320,NYK,30,73,19.0,0.5,0.9,0.4,0.08,1.8,1.8,3.6,319.0,0.66,4.39
302,302,Jabari Parker,14.5,22.5,17.6,11.9,203,MIL,23,31,24.0,0.4,1.3,1.1,0.00,3.6,2.5,6.0,202.0,0.83,4.08
303,303,Jerian Grant,8.4,11.6,26.3,7.3,242,CHI,25,74,23.0,0.2,1.5,0.6,0.04,2.4,2.8,5.2,241.0,0.78,4.0
304,304,Ian Mahinmi,15.6,23.3,19.9,41.6,185,WAS,31,77,15.0,2.1,1.1,0.5,0.04,4.6,1.2,5.8,184.0,0.5,4.08
305,305,Jameer Nelson,8.8,13.1,18.1,4.7,215,DET,36,50,20.0,0.2,0.9,0.6,0.08,1.5,1.8,3.3,214.0,0.64,3.78
306,306,Patrick Patterson,12.8,19.8,21.5,14.7,414,OKC,29,82,15.0,1.0,0.9,0.3,0.02,3.6,1.5,5.0,413.0,0.5,3.81
307,307,Vince Carter,13.0,19.5,22.8,28.0,517,SAC,41,58,18.0,0.5,1.1,0.7,0.03,2.0,2.0,4.0,516.0,0.53,3.72
308,308,Lucas Nogueira,16.0,24.3,25.8,60.6,331,TOR,25,49,9.0,1.3,0.9,0.2,0.00,4.1,0.8,4.9,330.0,0.28,3.98
309,309,Mason Plumlee,18.2,27.1,21.3,47.9,363,DEN,28,74,19.0,2.0,1.7,0.7,0.09,5.7,1.5,7.2,362.0,0.64,3.98
310,310,Skal Labissiere,15.7,23.2,12.6,42.2,461,SAC,22,60,21.0,1.2,0.6,0.8,0.03,5.0,2.9,7.8,460.0,0.71,4.19
311,311,Marreese Speights,15.2,24.0,12.5,40.7,360,ORL,30,52,13.0,0.9,0.3,0.3,0.37,3.3,1.1,4.3,359.0,0.38,3.55
312,312,Joakim Noah,20.0,22.9,33.3,66.7,245,NYK,33,7,6.0,0.6,0.6,0.1,0.00,2.1,0.4,2.6,244.0,0.2,4.14
313,313,Wayne Selden,6.0,8.9,15.9,7.0,522,MEM,23,35,20.0,0.1,1.0,0.7,0.00,1.6,2.0,3.6,521.0,0.64,3.97
314,314,Tony Snell,6.6,10.0,12.9,12.4,491,MIL,26,75,27.0,0.2,1.3,0.7,0.00,3.3,2.5,5.7,490.0,0.94,3.94
315,315,Courtney Lee,8.2,12.2,26.0,6.5,80,NYK,32,76,30.0,0.3,1.9,0.8,0.03,2.4,2.8,5.2,79.0,1.03,4.18
316,316,Taurean Prince,13.8,20.3,20.7,18.1,473,ATL,24,82,30.0,0.2,1.8,1.1,0.11,3.8,2.8,6.6,472.0,0.97,3.95
317,317,Channing Frye,16.4,24.5,20.5,23.2,68,LAL,35,53,13.0,1.3,0.5,0.3,0.04,4.3,1.4,5.6,67.0,0.41,3.67
318,318,David Nwaba,14.2,20.0,22.6,23.0,103,CHI,25,70,24.0,0.1,1.5,1.0,0.00,3.2,2.7,5.8,102.0,0.89,4.38
319,319,Ron Baker,6.4,10.0,41.9,14.6,440,NYK,25,29,13.0,0.3,1.7,0.6,0.00,1.4,1.0,2.4,439.0,0.48,4.32
320,320,LeBron James,20.1,29.1,26.0,28.9,325,CLE,33,82,37.0,1.0,2.2,1.1,0.15,4.0,3.0,7.0,324.0,1.12,3.66
321,321,Kevon Looney,13.5,19.9,25.8,41.2,302,GSW,22,66,14.0,1.0,0.7,0.7,0.02,4.7,1.9,6.6,301.0,0.48,4.18
322,322,Alec Peters,12.0,16.2,6.1,8.3,11,PHX,23,20,11.0,0.3,0.5,0.3,0.10,1.6,1.4,3.0,10.0,0.37,3.88
323,323,Mike Scott,14.1,20.8,11.0,8.5,376,WAS,29,76,19.0,0.9,0.4,0.5,0.01,3.0,1.9,5.0,375.0,0.61,4.04
324,324,Tyler Ennis,10.1,14.6,32.3,16.1,505,LAL,23,54,13.0,0.0,0.7,0.6,0.02,1.7,1.2,2.9,504.0,0.44,4.14
325,325,Sterling Brown,14.7,23.0,22.3,14.9,466,MIL,23,54,14.0,0.1,0.9,0.7,0.00,1.5,1.6,3.1,465.0,0.53,4.38
326,326,Austin Rivers,5.8,8.5,23.3,9.2,35,LAC,25,61,34.0,0.1,2.0,1.1,0.05,3.0,1.9,4.8,34.0,1.09,3.95
327,327,Marquese Chriss,20.0,29.3,21.0,41.4,358,PHX,20,72,21.0,1.7,0.9,0.7,0.01,6.3,2.4,8.7,357.0,0.7,3.92
328,328,Zach Collins,16.3,22.8,14.7,34.8,535,POR,20,66,16.0,1.4,0.3,0.3,0.02,4.6,1.7,6.3,534.0,0.5,3.98
329,329,Salah Mejri,21.6,31.2,21.2,68.4,448,DAL,32,61,12.0,2.2,0.6,0.5,0.18,5.0,1.1,6.0,447.0,0.41,4.23
330,330,Brandon Paul,10.9,16.0,25.5,12.3,52,SAS,27,64,9.0,0.1,0.7,0.3,0.17,0.9,0.9,1.8,51.0,0.31,4.08
331,331,Devin Booker,11.2,16.4,17.3,7.7,127,PHX,21,54,35.0,0.5,1.4,1.2,0.07,2.9,3.3,6.2,126.0,1.11,3.86
332,332,Rodney McGruder,7.8,11.2,14.8,7.7,438,MIA,26,18,17.0,0.1,1.0,0.6,0.00,1.6,1.9,3.5,437.0,0.6,4.39
333,333,Henry Ellenson,20.8,28.3,8.6,0.0,183,DET,21,38,9.0,0.7,0.2,0.2,0.00,1.8,1.4,3.2,182.0,0.31,4.22
334,334,Kevin Love,27.4,38.7,16.9,20.3,301,CLE,29,59,28.0,1.4,1.3,1.0,0.19,4.9,1.8,6.7,300.0,0.94,4.09
335,335,Bruno Caboclo,14.6,20.8,18.8,30.8,56,SAC,22,12,9.0,0.5,0.4,0.2,0.00,1.8,0.6,2.3,55.0,0.31,4.31
336,336,Montrezl Harrell,14.6,22.5,17.5,38.2,383,LAC,24,76,17.0,1.5,0.9,0.6,0.14,5.2,2.4,7.6,382.0,0.57,3.87
337,337,Damyean Dotson,14.2,21.6,17.4,3.9,90,NYK,24,44,11.0,0.0,0.3,0.3,0.00,0.8,1.1,1.9,89.0,0.38,4.24
338,338,Josh Jackson,12.3,18.3,27.5,19.9,274,PHX,21,77,25.0,0.1,1.6,1.0,0.08,3.0,2.4,5.3,273.0,0.88,4.1
339,339,Derrick Jones Jr.,6.6,8.9,15.4,37.1,122,MIA,21,20,12.0,0.1,0.4,0.4,0.05,2.6,1.1,3.7,121.0,0.43,4.2
340,340,Nik Stauskas,10.7,15.9,12.7,9.1,396,BKN,24,41,13.0,0.0,0.5,0.3,0.00,1.9,1.1,3.0,395.0,0.42,3.95
341,341,Trey Lyles,21.5,30.7,14.4,22.2,498,DEN,22,73,19.0,0.9,0.6,0.5,0.05,4.2,2.2,6.4,497.0,0.59,3.79
342,342,Alex Abrines,7.9,12.2,19.0,6.7,12,OKC,24,75,15.0,0.1,0.9,0.5,0.03,2.0,1.9,4.0,11.0,0.54,4.23
343,343,Dennis Schroder,8.1,12.1,19.6,2.9,118,ATL,24,67,31.0,0.4,1.7,1.3,0.24,2.7,3.4,6.1,117.0,1.04,4.07
344,344,Bobby Portis,20.7,29.5,18.2,21.7,45,CHI,23,73,23.0,1.9,1.3,0.7,0.01,3.4,1.9,5.4,44.0,0.79,4.0
345,345,Lance Stephenson,20.3,29.5,16.0,11.4,319,IND,27,82,23.0,0.0,1.3,0.8,0.00,1.5,1.7,3.2,318.0,0.72,3.89
346,346,Michael Carter-Williams,13.1,18.4,31.7,29.5,371,CHA,26,52,16.0,0.2,1.4,0.9,0.02,2.6,1.5,4.2,370.0,0.55,4.32
347,347,Josh Magette,7.9,10.8,28.6,11.1,275,ATL,28,18,12.0,0.1,0.6,0.5,0.17,1.8,1.2,2.9,274.0,0.39,4.04
348,348,Rodney Purvis,8.5,12.7,6.7,9.4,439,ORL,24,16,18.0,0.1,0.9,0.4,0.00,1.1,1.6,2.7,438.0,0.6,4.11
349,349,Dwayne Bacon,15.8,21.4,16.3,4.0,141,CHA,22,53,13.0,0.1,0.3,0.3,0.00,1.6,1.7,3.3,140.0,0.45,4.06
350,350,Frank Kaminsky,13.9,19.1,14.0,12.7,161,CHA,25,79,23.0,1.6,0.5,0.6,0.04,4.7,2.6,7.3,160.0,0.72,3.8
351,351,Andrew Bogut,22.3,31.3,10.8,54.2,23,LAL,33,24,9.0,1.3,0.3,0.2,0.08,2.5,0.5,3.0,22.0,0.28,3.76
352,352,Tony Allen,9.1,13.5,22.9,13.6,488,NOP,36,22,12.0,0.1,0.9,0.6,0.00,1.3,1.4,2.6,487.0,0.43,4.05
353,353,Mario Hezonja,14.4,21.9,30.7,19.4,354,ORL,23,75,22.0,0.4,1.8,0.7,0.03,4.1,2.4,6.5,353.0,0.72,3.95
354,354,Tyler Ulis,6.1,9.0,28.9,4.7,508,PHX,22,71,23.0,0.2,2.0,0.9,0.04,2.1,1.7,3.7,507.0,0.83,4.21
355,355,Corey Brewer,8.9,13.2,36.2,13.0,78,OKC,32,72,17.0,0.1,1.8,0.9,0.15,2.2,2.3,4.5,77.0,0.62,4.29
356,356,Mirza Teletovic,12.8,18.9,26.7,6.7,381,MIL,32,10,16.0,0.1,0.2,0.3,0.20,2.7,1.6,4.3,380.0,0.52,3.92
357,357,Bogdan Bogdanovic,9.4,13.8,21.0,9.0,46,SAC,25,78,28.0,0.3,2.1,0.8,0.00,3.2,2.7,5.8,45.0,0.92,4.06
358,358,Tyler Dorsey,11.2,15.5,14.7,7.1,504,ATL,22,56,17.0,0.0,0.7,0.6,0.00,1.7,1.7,3.4,503.0,0.61,4.31
359,359,Jonathon Simmons,8.7,13.0,19.3,7.6,265,ORL,28,69,29.0,0.1,1.7,0.9,0.07,2.6,2.4,5.0,264.0,1.01,4.11
360,360,Justin Anderson,12.0,18.0,19.2,14.3,283,PHI,24,38,14.0,0.1,0.7,0.3,0.05,1.6,1.6,3.2,282.0,0.46,3.97
361,361,Tyson Chandler,24.1,34.8,10.7,27.0,512,PHX,35,46,25.0,4.0,0.7,0.5,0.02,6.3,0.9,7.2,511.0,0.77,3.72
362,362,Norman Powell,10.0,15.0,19.5,13.8,401,TOR,25,70,15.0,0.1,1.1,0.4,0.01,1.4,1.2,2.5,400.0,0.54,4.23
363,363,Dragan Bender,14.9,21.7,8.0,29.1,139,PHX,20,82,25.0,1.6,0.5,0.4,0.00,6.8,3.8,10.6,138.0,0.81,3.84
364,364,Joel Bolomboy,12.1,15.4,22.2,0.0,251,MIL,24,6,6.0,0.8,0.3,0.2,0.00,2.0,0.8,2.8,250.0,0.19,4.37
365,365,Julyan Stone,15.3,20.1,16.7,20.0,282,CHA,29,23,8.0,0.1,0.4,0.3,0.00,1.1,0.7,1.7,281.0,0.25,3.91
366,366,Solomon Hill,12.4,17.4,20.0,5.0,462,NOP,27,12,16.0,0.5,0.4,0.9,0.00,2.8,1.5,4.3,461.0,0.52,3.86
367,367,Greg Monroe,24.4,36.5,27.0,32.4,179,BOS,28,51,20.0,1.8,1.5,0.9,0.04,5.8,0.8,6.5,178.0,0.65,3.91
368,368,Dakari Johnson,11.1,15.7,15.4,53.3,85,OKC,22,31,5.0,0.7,0.4,0.1,0.00,1.4,0.6,2.0,84.0,0.16,3.91
369,369,Cameron Payne,8.9,12.2,25.5,27.3,63,CHI,23,25,23.0,0.1,2.1,1.2,0.00,2.0,3.1,5.2,62.0,0.78,3.87
370,370,Jeff Withey,22.0,28.1,0.0,50.0,237,DAL,28,10,4.0,0.4,0.0,0.0,0.00,1.3,0.5,1.8,236.0,0.13,3.75
371,371,TJ Warren,9.3,13.9,22.8,17.9,470,PHX,24,65,33.0,0.1,1.9,1.3,0.00,3.3,3.1,6.4,469.0,1.16,4.21
372,372,Treveon Graham,7.9,10.7,20.8,2.6,494,CHA,24,63,17.0,0.2,0.8,0.8,0.10,1.8,1.6,3.5,493.0,0.59,4.38
373,373,Jared Dudley,12.6,19.4,22.4,21.2,224,PHX,32,48,14.0,0.8,0.8,0.4,0.06,1.9,1.2,3.1,223.0,0.46,3.66
374,374,De'Aaron Fox,8.7,12.9,21.1,12.3,108,SAC,20,73,28.0,0.1,1.5,1.1,0.04,2.7,3.6,6.3,107.0,0.94,4.1
375,375,Jose Calderon,7.9,11.2,18.6,3.0,270,CLE,36,57,16.0,0.4,1.0,0.7,0.11,1.7,1.7,3.4,269.0,0.55,4.21
376,376,Enes Kanter,27.9,40.3,14.4,23.0,153,NYK,26,71,26.0,2.9,1.0,0.7,0.00,7.1,1.6,8.7,152.0,0.87,4.15
377,377,Alex Len,22.8,33.8,13.8,41.8,14,PHX,25,69,20.0,3.8,0.8,0.5,0.00,8.1,1.1,9.3,13.0,0.65,3.88
378,378,Kyle Collinsworth,16.2,23.2,21.5,21.4,311,DAL,26,32,15.0,0.2,1.3,0.8,0.00,2.5,1.3,3.8,310.0,0.55,4.47
379,379,Willy Hernangomez,24.8,34.4,23.7,39.0,529,CHA,24,48,10.0,1.6,0.8,0.4,0.00,3.2,0.9,4.0,528.0,0.35,4.05
380,380,Michael Beasley,19.1,28.4,14.9,24.7,370,NYK,29,74,22.0,1.1,1.3,0.7,0.00,3.3,2.2,5.5,369.0,0.72,3.99
381,381,D'Angelo Russell,12.2,18.6,20.3,11.8,82,BKN,22,48,26.0,0.2,1.7,1.0,0.00,2.4,1.9,4.3,81.0,0.82,3.95
382,382,Zaza Pachulia,22.3,32.4,24.4,15.0,538,GSW,34,69,14.0,2.7,1.4,0.5,0.00,4.2,1.4,5.6,537.0,0.49,3.97
383,383,Davon Reed,14.9,22.2,22.7,9.1,107,PHX,23,21,12.0,0.0,0.8,0.5,0.05,1.3,0.6,1.9,106.0,0.4,4.04
384,384,Luke Babbitt,12.3,18.5,6.5,11.5,333,MIA,29,50,14.0,0.9,0.3,0.2,0.00,3.8,2.1,6.0,332.0,0.48,4.18
385,385,George Hill,8.1,11.6,21.7,17.9,169,CLE,32,67,27.0,0.6,1.8,1.0,0.03,2.8,3.0,5.8,168.0,0.88,4.02
386,386,Tarik Black,18.1,26.3,23.1,57.7,472,HOU,26,51,11.0,1.6,0.7,0.5,0.02,3.3,1.2,4.5,471.0,0.35,4.09
387,387,Myke Henry,8.1,12.3,41.3,19.4,384,MEM,25,20,19.0,0.0,2.1,0.9,0.00,2.1,2.9,5.0,383.0,0.65,4.26
388,388,Johnny O'Bryant III,17.3,24.2,12.7,19.4,259,CHA,25,36,11.0,1.1,0.4,0.4,0.14,2.4,0.5,2.9,258.0,0.35,4.15
389,389,Willie Reed,20.5,31.4,12.0,50.0,528,DET,28,42,10.0,0.9,0.4,0.3,0.29,3.4,0.5,3.9,527.0,0.36,4.1
390,390,Al Jefferson,22.7,34.2,21.3,52.3,7,IND,33,36,13.0,1.4,0.9,0.3,0.06,4.2,0.6,4.8,6.0,0.41,3.89
391,391,Matthew Dellavedova,7.5,11.3,13.5,0.0,366,MIL,27,38,19.0,0.6,0.6,0.6,0.11,2.0,1.9,4.0,365.0,0.62,3.9
392,392,Jabari Bird,10.5,14.0,18.8,12.5,202,BOS,23,13,9.0,0.0,0.5,0.3,0.00,0.6,1.0,1.6,201.0,0.3,4.26
393,393,Tyler Cavanaugh,17.1,25.0,9.9,12.9,503,ATL,24,39,13.0,1.7,0.5,0.4,0.10,2.8,1.2,4.0,502.0,0.44,4.13
394,394,Caleb Swanigan,20.7,28.5,15.6,25.0,62,POR,21,27,7.0,0.6,0.1,0.3,0.00,1.3,0.8,2.1,61.0,0.23,4.16
395,395,Jacob Pullen,0.0,0.0,0.0,0.0,205,PHI,28,3,2.0,0.0,0.0,0.0,0.00,0.0,0.7,0.7,204.0,0.07,3.67
396,396,Timofey Mozgov,17.8,24.3,8.8,35.1,484,BKN,31,31,12.0,1.4,0.2,0.3,0.03,4.7,1.0,5.7,483.0,0.4,4.13
397,397,Matt Costello,27.6,40.0,50.0,66.7,364,SAS,24,4,8.0,1.0,0.5,0.0,0.00,1.8,0.5,2.3,363.0,0.29,4.25
398,398,Tim Frazier,12.1,17.6,32.9,11.3,481,WAS,27,59,14.0,0.1,1.1,0.6,0.14,1.2,1.6,2.9,480.0,0.49,4.17
399,399,Boban Marjanovic,27.4,37.8,19.2,44.0,43,LAC,29,39,9.0,1.4,0.4,0.1,0.00,3.7,0.4,4.1,42.0,0.29,3.92
400,400,Deyonta Davis,18.2,28.8,9.7,36.8,131,MEM,21,62,15.0,2.1,0.7,0.3,0.00,4.6,1.0,5.6,130.0,0.51,4.05
401,401,Anthony Brown,0.0,0.0,0.0,0.0,28,MIN,25,1,4.0,0.0,0.0,0.0,0.00,1.0,0.0,1.0,27.0,0.14,2.47
402,402,Justin Patton,0.0,0.0,50.0,0.0,286,MIN,21,1,4.0,0.0,1.0,0.0,0.00,0.0,0.0,0.0,285.0,0.13,2.47
403,403,Arron Afflalo,8.2,13.1,5.2,12.2,34,ORL,32,53,13.0,0.1,0.1,0.2,0.00,1.5,1.3,2.9,33.0,0.42,4.03
404,404,Antonio Blakeney,8.9,12.8,16.3,6.3,31,CHI,21,19,17.0,0.1,0.6,0.3,0.00,1.8,2.2,4.0,30.0,0.6,4.09
405,405,Kenneth Faried,19.3,25.8,20.7,35.1,297,DEN,28,32,14.0,1.1,0.7,0.3,0.16,3.2,1.4,4.7,296.0,0.47,4.01
406,406,Tim Quarterman,18.8,21.4,0.0,0.0,483,HOU,23,3,4.0,0.0,0.0,0.0,0.00,0.3,0.7,1.0,482.0,0.13,4.7
407,407,Malcolm Miller,9.0,11.8,4.8,14.3,340,TOR,25,15,8.0,0.1,0.2,0.4,0.00,1.1,1.1,2.2,339.0,0.3,4.53
408,408,Udonis Haslem,9.2,13.2,0.0,40.0,514,MIA,38,14,5.0,0.4,0.0,0.3,0.14,1.2,0.4,1.6,513.0,0.14,3.58
409,409,Chandler Parsons,11.7,17.2,19.4,17.7,67,MEM,29,36,19.0,0.3,0.9,0.4,0.08,1.7,1.6,3.3,66.0,0.6,3.83
410,410,Jodie Meeks,10.2,15.2,17.2,5.1,246,WAS,30,77,15.0,0.1,0.6,0.4,0.01,1.3,1.4,2.6,245.0,0.49,4.12
411,411,Patrick McCaw,6.5,10.1,25.4,5.9,413,GSW,22,57,17.0,0.2,1.3,0.6,0.05,1.9,1.2,3.2,412.0,0.59,4.15
412,412,Kay Felder,10.8,14.9,14.3,14.3,292,DET,23,16,9.0,0.0,0.5,0.1,0.13,0.5,0.9,1.4,291.0,0.31,4.18
413,413,Jordan Mickey,22.6,33.7,14.3,32.3,269,MIA,23,23,12.0,1.3,0.7,0.5,0.00,3.4,0.9,4.2,268.0,0.41,4.15
414,414,Malik Beasley,9.5,13.9,17.2,12.5,341,DEN,21,62,9.0,0.0,0.4,0.4,0.05,1.1,0.7,1.8,340.0,0.33,4.18
415,415,Kyle Singler,14.3,21.4,12.5,0.0,316,OKC,30,12,5.0,0.0,0.3,0.1,0.00,0.7,0.7,1.3,315.0,0.11,3.89
416,416,Gorgui Dieng,20.1,30.4,19.8,40.2,178,MIN,28,79,17.0,1.7,1.3,0.8,0.18,4.9,1.8,6.7,177.0,0.55,4.08
417,417,Aaron Harrison,9.1,13.2,29.0,9.1,2,DAL,23,9,26.0,0.1,2.0,0.9,0.00,3.3,3.2,6.6,2.0,0.84,4.04
418,418,Joe Young,9.1,13.2,17.5,2.7,250,IND,26,53,11.0,0.0,0.6,0.5,0.04,0.8,1.0,1.8,249.0,0.41,4.77
419,419,Malachi Richardson,9.7,14.9,17.2,4.0,337,TOR,22,26,12.0,0.1,0.7,0.2,0.04,0.7,1.5,2.2,336.0,0.39,3.84
420,420,Antonius Cleveland,8.5,12.1,35.0,33.3,32,ATL,24,17,7.0,0.0,0.9,0.2,0.06,0.7,0.5,1.2,31.0,0.25,4.22
421,421,Damian Jones,9.3,15.5,6.3,42.9,86,GSW,23,15,6.0,0.4,0.2,0.1,0.00,2.1,0.5,2.7,85.0,0.2,4.15
422,422,Guerschon Yabusele,15.2,20.5,10.0,26.3,180,BOS,22,33,7.0,0.5,0.3,0.4,0.00,1.4,0.7,2.0,179.0,0.24,4.13
423,423,Torrey Craig,13.4,19.1,13.5,23.1,492,DEN,27,39,16.0,0.1,0.4,0.4,0.00,2.8,1.9,4.7,491.0,0.6,4.48
424,424,Naz Mitrou-Long,0.0,0.0,0.0,0.0,387,UTA,24,1,1.0,-,-,-,-,-,-,-,386.0,0.02,0.0
425,425,Brandon Jennings,13.1,19.3,15.8,20.0,51,MIL,28,14,15.0,0.0,0.9,0.3,0.00,0.9,0.9,1.7,50.0,0.51,4.18
426,426,Abdel Nader,11.1,14.9,20.0,23.3,4,BOS,24,48,11.0,0.1,0.7,0.4,0.00,1.5,1.3,2.8,3.0,0.38,4.41
427,427,Emmanuel Mudiay,9.9,14.7,23.8,8.3,152,NYK,22,64,19.0,0.2,1.1,0.7,0.02,1.5,1.9,3.4,151.0,0.63,4.0
428,428,Ben McLemore,10.1,15.0,21.7,13.5,38,MEM,25,56,19.0,0.1,1.3,0.8,0.04,1.6,1.8,3.4,37.0,0.69,4.32
429,429,Joffrey Lauvergne,20.7,31.8,9.5,7.0,253,SAS,26,55,10.0,1.4,0.2,0.3,0.00,2.3,0.4,2.7,252.0,0.32,3.94
430,430,Gary Payton II,14.4,22.1,18.9,10.3,168,LAL,25,23,10.0,0.2,0.9,0.3,0.00,1.3,0.9,2.2,167.0,0.39,4.52
431,431,Vincent Hunter,16.7,25.0,0.0,100.0,518,MEM,23,4,2.0,0.0,0.0,0.0,0.00,0.5,0.5,1.0,517.0,0.05,3.17
432,432,Kadeem Allen,6.7,8.6,17.6,28.6,289,BOS,25,18,6.0,0.3,0.4,0.1,0.00,0.3,0.5,0.8,288.0,0.19,3.9
433,433,Paul Zipser,14.7,21.5,17.4,25.9,419,CHI,24,54,15.0,0.2,0.7,0.4,0.00,3.1,1.9,5.1,418.0,0.53,4.04
434,434,JR Smith,9.2,13.5,20.9,6.6,198,CLE,32,80,28.0,0.5,1.5,0.8,0.04,2.2,2.8,5.0,197.0,0.92,3.98
435,435,Thon Maker,13.0,21.1,16.7,41.7,480,MIL,21,74,17.0,1.6,0.9,0.6,0.00,6.2,1.5,7.7,479.0,0.65,4.49
436,436,Mangok Mathiang,33.3,38.9,50.0,0.0,343,CHA,25,4,5.0,0.5,0.3,0.8,0.00,1.5,0.0,1.5,342.0,0.15,4.01
437,437,Bismack Biyombo,20.9,33.3,10.1,52.5,41,ORL,25,82,18.0,2.7,0.5,0.6,0.01,6.0,1.1,7.1,40.0,0.6,3.99
438,438,Derrick Walton Jr.,9.5,13.5,38.9,30.0,124,MIA,23,16,9.0,0.0,0.5,0.5,0.00,1.0,0.6,1.6,123.0,0.3,4.05
439,439,Cedi Osman,14.9,21.0,21.8,6.1,66,CLE,23,61,11.0,0.1,0.8,0.4,0.02,1.6,1.1,2.7,65.0,0.4,4.33
440,440,Cristiano Felicio,15.8,22.0,10.5,18.3,81,CHI,25,55,18.0,2.5,0.6,0.5,0.00,4.1,1.5,5.6,80.0,0.64,4.24
441,441,Ivan Rabb,21.6,32.7,14.1,28.3,194,MEM,21,36,14.0,1.5,0.6,0.6,0.00,3.3,1.8,5.1,193.0,0.48,4.14
442,442,Andrew White III,13.3,18.8,12.0,10.0,25,ATL,25,15,14.0,0.0,0.3,0.7,0.00,0.9,1.6,2.5,24.0,0.47,4.25
443,443,Damien Wilkins,7.2,10.8,9.5,10.0,88,IND,38,19,8.0,0.1,0.2,0.1,0.00,0.7,0.7,1.4,87.0,0.26,4.01
444,444,James Michael McAdoo,12.5,16.7,0.0,100.0,220,PHI,25,3,6.0,0.3,0.0,0.0,0.00,2.3,0.0,2.3,219.0,0.22,4.02
445,445,Brice Johnson,22.7,32.8,33.3,60.0,54,MEM,24,18,5.0,0.2,0.6,0.2,0.00,1.3,0.8,2.2,53.0,0.17,3.75
446,446,Terrance Ferguson,3.8,5.7,18.9,12.0,474,OKC,20,61,13.0,0.1,0.7,0.4,0.00,1.9,1.2,3.1,473.0,0.47,4.35
447,447,James Webb III,13.8,18.8,6.7,0.0,221,BKN,24,10,12.0,0.6,0.6,0.2,0.00,1.4,0.7,2.1,220.0,0.41,4.02
448,448,Ramon Sessions,8.6,12.7,21.5,8.7,425,WAS,32,28,14.0,0.1,0.8,0.5,0.00,0.5,1.1,1.7,424.0,0.42,3.77
449,449,Luke Kornet,15.8,24.0,13.3,50.0,335,NYK,22,20,16.0,1.4,0.8,0.3,0.00,6.2,1.1,7.3,334.0,0.54,3.99
450,450,Isaiah Hicks,11.8,18.5,9.1,16.7,189,NYK,23,18,13.0,1.2,0.4,0.2,0.00,3.2,1.6,4.7,188.0,0.47,4.17
451,451,Luis Montero,22.2,22.2,0.0,0.0,332,DET,25,2,4.0,0.5,0.0,0.0,0.00,0.0,1.0,1.0,331.0,0.15,4.61
452,452,JaVale McGee,16.6,24.6,21.0,49.6,201,GSW,30,65,9.0,1.1,0.7,0.2,0.00,4.0,1.1,5.0,200.0,0.33,4.05
453,453,Sean Kilpatrick,13.1,18.5,11.9,10.6,451,CHI,28,52,12.0,0.1,0.5,0.5,0.00,0.8,0.8,1.6,450.0,0.41,3.97
454,454,Juancho Hernangomez,13.9,20.5,13.6,12.5,280,DEN,22,25,11.0,0.2,0.5,0.3,0.04,2.3,1.5,3.8,279.0,0.36,4.17
455,455,Troy Daniels,6.9,10.5,11.9,3.8,501,PHX,26,79,21.0,0.2,0.9,0.5,0.03,2.2,1.9,4.1,500.0,0.7,4.1
456,456,Luol Deng,0.0,0.0,50.0,0.0,336,LAL,33,1,13.0,0.0,1.0,0.0,0.00,1.0,4.0,5.0,335.0,0.51,4.35
457,457,Xavier Rathan-Mayes,5.3,8.5,27.3,27.3,532,MEM,24,5,24.0,0.2,2.0,0.8,0.00,3.2,3.4,6.6,531.0,0.72,4.16
458,458,Rashad Vaughn,8.5,13.4,16.1,13.0,426,ORL,21,28,8.0,0.0,0.3,0.3,0.00,0.9,0.5,1.4,425.0,0.27,4.18
459,459,Nick Collison,17.6,25.0,0.0,0.0,391,OKC,37,15,5.0,0.9,0.2,0.1,0.07,1.5,0.1,1.7,390.0,0.15,3.94
460,460,Jamal Crawford,5.0,7.6,15.9,6.6,212,MIN,38,80,21.0,0.0,0.9,0.6,0.01,0.6,0.9,1.6,211.0,0.63,3.83
461,461,Cheick Diallo,26.2,39.0,14.3,36.8,70,NOP,21,52,11.0,1.3,0.4,0.3,0.00,3.3,0.9,4.3,69.0,0.38,4.08
462,462,Darrun Hilliard,8.0,11.1,20.0,0.0,102,SAS,25,14,7.0,0.0,0.3,0.1,0.00,1.0,0.9,1.9,101.0,0.22,3.92
463,463,Troy Williams,13.7,20.3,40.0,13.8,502,NYK,23,21,15.0,0.1,1.7,0.5,0.00,0.9,1.3,2.2,501.0,0.51,4.38
464,464,Tristan Thompson,21.0,28.7,11.6,24.6,500,CLE,27,53,20.0,3.4,0.5,0.9,0.00,6.1,2.4,8.5,499.0,0.71,4.21
465,465,Quincy Pondexter,10.3,14.4,24.2,18.2,421,CHI,30,23,9.0,0.1,0.5,0.3,0.04,0.9,0.7,1.6,420.0,0.3,4.07
466,466,Tony Bradley,25.0,33.3,0.0,0.0,489,UTA,20,9,3.0,0.1,0.0,0.0,0.00,0.6,1.2,1.8,488.0,0.11,4.35
467,467,Georges Niang,18.2,23.1,28.6,0.0,170,UTA,25,9,4.0,0.0,0.2,0.2,0.00,0.6,0.2,0.8,169.0,0.12,4.37
468,468,DeAndre Liggins,10.0,15.6,28.9,17.1,110,NOP,30,58,12.0,0.0,1.1,0.6,0.14,1.3,1.0,2.3,109.0,0.46,4.51
469,469,Malik Monk,6.9,9.7,16.5,14.1,342,CHA,20,63,14.0,0.1,0.7,0.3,0.02,1.1,0.9,2.0,341.0,0.46,4.18
470,470,Isaiah Thomas,5.6,8.1,12.2,4.5,191,LAL,29,32,27.0,0.4,0.7,1.0,0.09,2.9,2.9,5.8,190.0,0.84,3.84
471,471,Zach LaVine,13.8,18.4,23.3,8.9,536,CHI,23,24,27.0,0.1,1.6,0.7,0.00,1.4,2.0,3.4,535.0,0.96,4.17
472,472,Xavier Silas,12.5,20.0,100.0,0.0,533,BOS,30,2,4.0,0.0,0.5,0.0,0.00,0.5,0.5,1.0,532.0,0.14,4.26
473,473,Zhou Qi,11.6,16.8,11.8,77.8,539,HOU,22,18,7.0,0.3,0.4,0.1,0.00,2.5,0.8,3.3,538.0,0.22,4.09
474,474,Zach Randolph,21.5,30.4,18.1,9.5,537,SAC,36,59,26.0,1.5,1.2,0.7,0.00,3.8,2.4,6.2,536.0,0.78,3.84
475,475,Daniel Hamilton,16.7,27.8,20.0,0.0,91,OKC,22,6,5.0,0.0,0.2,0.2,0.00,0.3,0.5,0.8,90.0,0.15,4.08
476,476,Omer Asik,20.8,29.5,8.0,28.6,405,CHI,31,18,10.0,2.4,0.2,0.1,0.00,3.0,0.7,3.7,404.0,0.33,3.76
477,477,Darrell Arthur,8.7,13.3,29.6,21.4,100,DEN,30,19,7.0,0.4,0.8,0.2,0.00,1.7,0.5,2.2,99.0,0.23,3.96
478,478,Marcus Paige,16.7,19.0,0.0,0.0,351,CHA,24,5,6.0,0.0,0.0,0.2,0.00,0.8,0.2,1.0,350.0,0.17,4.12
479,479,Thomas Bryant,19.7,28.6,9.1,25.0,479,LAL,20,15,5.0,0.5,0.2,0.3,0.00,1.5,0.3,1.9,478.0,0.16,3.86
480,480,Jason Smith,12.2,17.5,8.3,44.8,229,WAS,32,33,9.0,0.9,0.2,0.1,0.09,1.7,1.3,3.0,228.0,0.3,4.18
481,481,Richard Jefferson,9.9,13.6,8.7,5.6,432,DEN,38,20,8.0,0.1,0.3,0.3,0.00,1.0,1.2,2.2,431.0,0.26,4.06
482,482,Derrick Rose,5.3,8.2,10.8,11.4,123,MIN,29,25,17.0,0.2,0.5,0.7,0.00,2.1,1.3,3.4,122.0,0.61,4.18
483,483,James Young,2.9,5.0,0.0,0.0,222,PHI,22,6,10.0,0.0,0.2,0.0,0.00,1.3,0.7,2.0,221.0,0.34,3.94
484,484,Meyers Leonard,25.1,33.7,18.9,0.0,369,POR,26,33,8.0,1.1,0.3,0.2,0.00,1.9,0.8,2.7,368.0,0.24,3.98
485,485,Charles Cooke,4.9,7.7,33.3,0.0,69,NOP,23,13,3.0,0.0,0.1,0.1,0.00,0.4,0.1,0.5,68.0,0.1,4.23
486,486,Larry Drew II,0.0,0.0,0.0,0.0,322,NOP,28,10,7.0,0.0,0.0,0.2,0.00,0.8,0.7,1.5,321.0,0.25,4.3
487,487,Jake Layman,7.8,11.4,23.1,44.4,209,POR,24,35,5.0,0.0,0.2,0.1,0.00,0.6,0.2,0.8,208.0,0.15,4.16
488,488,Josh McRoberts,0.0,0.0,0.0,0.0,276,DAL,31,2,3.0,0.0,0.0,0.0,0.00,0.0,1.5,1.5,275.0,0.09,4.61
489,489,Jarell Eddie,16.7,16.7,33.3,0.0,225,CHI,26,3,3.0,0.0,0.3,0.3,0.00,0.3,0.3,0.7,224.0,0.09,4.32
490,490,TJ Leaf,11.9,18.2,7.7,12.5,469,IND,21,53,9.0,0.3,0.2,0.2,0.00,1.8,1.1,2.8,468.0,0.29,4.19
491,491,Demetrius Jackson,8.6,11.9,45.5,14.3,117,PHI,23,15,5.0,0.0,0.3,0.1,0.00,0.5,0.7,1.2,116.0,0.19,4.25
492,492,Elfrid Payton,11.7,17.3,28.1,11.6,150,PHX,24,63,29.0,0.5,2.3,1.6,0.00,3.3,2.8,6.1,149.0,1.02,4.11
493,493,Josh Smith,10.0,14.3,0.0,0.0,278,NOP,32,3,4.0,0.0,0.0,0.0,0.00,1.0,0.3,1.3,277.0,0.13,3.8
494,494,John Holland,10.4,15.9,28.0,12.5,256,CLE,29,24,7.0,0.1,0.4,0.4,0.08,1.0,0.7,1.6,255.0,0.23,3.96
495,495,Marcus Georges-Hunt,4.3,7.0,12.5,0.0,349,MIN,24,42,5.0,0.0,0.3,0.2,0.05,0.3,0.6,0.9,348.0,0.18,4.13
496,496,Cole Aldrich,28.6,40.0,14.3,25.0,77,MIN,29,21,2.0,0.3,0.4,0.1,0.00,0.3,0.2,0.6,76.0,0.07,3.72
497,497,Nate Wolters,5.6,9.1,0.0,0.0,386,UTA,27,5,4.0,0.0,0.4,0.0,0.00,0.2,0.0,0.2,385.0,0.11,3.43
498,498,Trey Burke,7.4,11.4,22.9,4.8,497,NYK,25,36,22.0,0.2,1.0,0.9,0.00,1.8,1.7,3.5,496.0,0.75,4.17
499,499,Scotty Hopson,0.0,0.0,0.0,0.0,450,DAL,28,1,8.0,0.0,1.0,1.0,0.00,1.0,0.0,1.0,449.0,0.33,4.54
500,500,Chris McCullough,18.8,28.1,0.0,71.4,73,WAS,23,19,5.0,0.2,0.1,0.2,0.00,1.1,0.5,1.6,72.0,0.16,4.13
501,501,PJ Dozier,20.0,33.3,0.0,0.0,408,OKC,21,2,2.0,0.0,0.0,0.0,0.00,1.0,0.0,1.0,407.0,0.05,3.66
502,502,Jonathan Gibson,7.1,10.0,0.0,0.0,263,BOS,30,4,10.0,0.0,0.3,0.3,0.00,0.3,0.8,1.0,262.0,0.35,4.17
503,503,Jameel Warney,20.0,25.0,0.0,0.0,214,DAL,24,3,9.0,2.0,0.0,0.3,0.00,0.7,1.0,1.7,213.0,0.3,4.19
504,504,Jalen Jones,15.4,22.7,27.8,5.9,211,DAL,25,16,11.0,0.3,0.8,0.5,0.06,1.0,1.6,2.6,210.0,0.4,4.17
505,505,MarShon Brooks,7.7,12.1,26.8,21.4,345,MEM,29,7,28.0,0.1,2.6,1.0,0.00,2.3,2.6,4.9,344.0,0.88,3.99
506,506,Reggie Hearn,0.0,0.0,0.0,0.0,430,DET,26,3,2.0,0.0,0.0,0.0,0.00,0.3,0.0,0.3,429.0,0.05,5.06
507,507,Jahlil Okafor,19.0,27.1,8.1,56.3,208,BKN,22,28,13.0,1.1,0.1,0.5,0.00,5.3,0.9,6.3,207.0,0.39,3.93
508,508,Xavier Munford,0.0,0.0,50.0,0.0,531,MIL,26,6,3.0,0.0,0.3,0.3,0.00,0.5,0.0,0.5,530.0,0.1,3.99
509,509,D.J. Wilson,15.7,21.6,18.8,20.0,84,MIL,22,22,3.0,0.2,0.1,0.0,0.00,0.6,0.4,1.1,83.0,0.11,4.13
510,510,Ante Zizic,17.9,25.5,7.4,61.9,27,CLE,21,32,7.0,0.9,0.1,0.1,0.00,2.2,0.4,2.6,26.0,0.22,4.13
511,511,Georgios Papagiannis,21.6,31.6,17.4,60.0,171,POR,20,17,7.0,1.2,0.3,0.2,0.00,3.1,0.8,3.9,170.0,0.24,3.91
512,512,Bobby Brown,6.1,8.4,22.2,0.0,44,HOU,33,20,6.0,0.1,0.1,0.1,0.00,0.1,0.6,0.8,43.0,0.17,3.72
513,513,Chris Boucher,100.0,100.0,0.0,0.0,72,GSW,25,1,1.0,-,-,-,-,-,-,-,71.0,0.03,0.0
514,514,Adreian Payne,22.6,36.8,25.0,0.0,5,ORL,27,5,9.0,0.4,1.0,0.0,0.00,1.2,0.2,1.4,4.0,0.29,3.72
515,515,Shabazz Muhammad,13.6,20.4,12.2,10.0,454,MIL,25,43,10.0,0.1,0.4,0.3,0.05,0.9,0.9,1.9,453.0,0.36,4.5
516,516,Monte Morris,8.0,12.5,50.0,0.0,382,DEN,23,3,8.0,0.3,1.7,1.0,0.00,1.0,0.7,1.7,381.0,0.27,3.79
517,517,Alfonzo McKinnie,9.8,17.1,10.0,20.0,16,TOR,25,14,4.0,0.0,0.1,0.0,0.00,0.5,0.3,0.8,15.0,0.15,4.6
518,518,Alex Poythress,10.2,18.2,21.4,11.1,15,IND,24,25,4.0,0.2,0.2,0.1,0.00,0.6,0.4,1.0,14.0,0.14,4.28
519,519,Omari Johnson,10.3,15.9,13.3,0.0,404,MEM,29,4,19.0,1.8,1.5,0.5,0.00,2.0,2.3,4.3,403.0,0.61,4.02
520,520,Aaron Brooks,5.7,8.2,20.7,0.0,0,MIN,33,32,6.0,0.0,0.3,0.2,0.03,0.6,0.9,1.5,0.0,0.2,4.17
521,521,Josh Gray,10.4,14.3,57.1,22.2,271,PHX,24,5,17.0,0.0,2.0,0.4,0.00,2.6,1.0,3.6,270.0,0.62,4.48
522,522,Kendrick Perkins,9.1,12.5,20.0,0.0,296,CLE,33,1,15.0,1.0,2.0,1.0,0.00,3.0,1.0,4.0,295.0,0.43,3.13
523,523,Markel Brown,10.8,19.0,0.0,0.0,355,HOU,26,4,8.0,0.3,0.5,0.5,0.00,1.3,1.8,3.0,354.0,0.28,4.37
524,524,Kobi Simmons,6.2,9.1,18.6,8.3,306,MEM,20,32,20.0,0.2,0.8,0.6,0.19,1.3,1.3,2.6,305.0,0.69,4.26
525,525,Marquis Teague,7.2,11.9,33.3,0.0,359,MEM,25,3,25.0,0.3,2.3,0.7,0.00,1.7,4.0,5.7,358.0,0.72,3.6
526,526,Furkan Korkmaz,12.3,17.3,18.2,10.0,165,PHI,20,14,6.0,0.0,0.2,0.1,0.00,0.7,0.5,1.2,164.0,0.19,4.44
527,527,Trey McKinney-Jones,0.0,0.0,0.0,0.0,499,IND,27,1,1.0,0.0,0.0,0.0,0.00,0.0,0.0,0.0,498.0,0.04,0.0
528,528,Erik McCree,20.0,33.3,33.3,0.0,157,UTA,24,4,2.0,0.0,0.0,0.5,0.00,0.0,0.0,0.0,156.0,0.05,3.19
529,529,London Perrantes,6.4,8.6,25.0,50.0,326,CLE,23,14,5.0,0.0,0.3,0.1,0.00,0.4,0.4,0.8,325.0,0.14,3.69
530,530,Walter Lemon Jr.,6.5,9.5,0.0,25.0,520,NOP,25,5,7.0,0.0,0.0,0.0,0.00,1.4,0.2,1.6,519.0,0.18,4.68
531,531,Ike Anigbogu,13.8,26.7,50.0,75.0,186,IND,19,11,3.0,0.3,0.1,0.3,0.00,1.0,0.2,1.2,185.0,0.08,3.93
532,532,David Stockton,0.0,0.0,0.0,0.0,104,UTA,27,3,3.0,0.0,0.0,0.0,0.00,0.0,1.0,1.0,103.0,0.1,4.61
533,533,Jeremy Evans,0.0,0.0,0.0,0.0,239,ATL,30,1,5.0,2.0,0.0,0.0,0.00,0.0,2.0,2.0,238.0,0.17,4.48
534,534,Briante Weber,13.0,18.4,48.6,20.0,53,MEM,25,18,13.0,0.2,1.4,0.9,0.06,0.7,1.3,2.1,52.0,0.49,4.53
535,535,Jeremy Lin,0.0,0.0,0.0,0.0,241,BKN,29,1,25.0,0.0,3.0,0.0,0.00,3.0,1.0,4.0,240.0,0.92,4.54
536,536,Jordan Crawford,3.6,5.6,25.0,16.7,268,NOP,29,5,11.0,0.0,0.4,0.2,0.00,0.6,0.6,1.2,267.0,0.23,3.88
537,537,Edmond Sumner,50.0,100.0,0.0,0.0,148,IND,22,1,2.0,-,-,-,-,-,-,-,147.0,0.08,5.2
538,538,Tyler Lydon,0.0,0.0,0.0,0.0,507,DEN,22,1,2.0,0.0,0.0,0.0,0.00,0.0,1.0,1.0,506.0,0.06,7.8
539,539,Ben Moore,16.7,33.3,0.0,0.0,39,IND,23,2,5.0,0.0,0.0,0.0,0.00,0.5,0.0,0.5,38.0,0.18,5.99
