,PLAYER,TEAM,AGE,GP,W,L,MIN,DEF_RTG,DREB,DREB%,%DREB,STL,STL%,BLK,%BLK,OPP_PTS_OFF_TOV,OPP_PTS_2ND_CHANCE,OPP_PTS_FB,OPP_PTS_PAINT,DEF_WS
0,Andre Ingram,LAL,32,2,1,1,32.1,93.8,2.5,7.2,9.3,1.5,18.8,1.5,37.5,7.5,4.0,1.0,35.0,0.233
1,Rudy Gobert,UTA,26,56,37,19,32.4,97.4,7.8,23.4,32.6,0.8,14.1,2.3,61.7,11.5,7.1,6.5,26.5,0.190
2,Joel Embiid,PHI,24,63,41,22,30.4,96.8,8.7,25.5,37.0,0.6,13.2,1.8,51.2,10.7,7.6,5.6,24.3,0.183
3,Robert Covington,PHI,27,80,51,29,31.6,99.1,4.7,13.7,19.3,1.7,28.4,0.9,25.8,11.1,7.7,6.5,26.3,0.168
4,Marcus Smart,BOS,24,54,38,16,29.9,99.0,2.7,8.5,12.3,1.3,27.0,0.4,15.3,9.8,7.2,6.1,26.4,0.160
5,Andre Roberson,OKC,26,39,24,15,26.6,96.6,2.8,10.9,15.4,1.2,18.3,0.9,35.0,7.9,5.1,5.2,21.3,0.159
6,Donovan Mitchell,UTA,21,79,46,33,33.4,100.9,3.1,9.3,12.9,1.5,24.1,0.3,9.5,11.7,7.6,6.9,29.2,0.158
7,Kawhi Leonard,SAS,27,9,5,4,23.3,94.9,4.0,15.9,22.0,2.0,42.9,1.0,40.9,7.7,6.2,6.1,22.2,0.156
8,Jayson Tatum,BOS,20,80,53,27,30.5,100.2,4.4,13.8,19.9,1.0,21.8,0.7,23.3,9.5,7.2,6.6,27.2,0.151
9,Al Horford,BOS,32,72,47,25,31.6,100.8,5.9,17.8,25.2,0.6,12.8,1.1,35.9,10.0,7.2,6.8,28.0,0.151
10,Jaylen Brown,BOS,21,70,47,23,30.7,100.7,4.0,12.4,17.7,1.0,20.6,0.4,12.3,9.5,6.9,6.0,27.3,0.147
11,Ricky Rubio,UTA,27,77,44,33,29.3,100.1,4.0,13.9,19.5,1.6,27.8,0.1,5.1,10.0,6.7,5.7,25.5,0.147
12,Ben Simmons,PHI,21,81,51,30,33.7,102.2,6.3,17.1,24.8,1.7,28.9,0.9,24.1,12.8,8.7,6.9,29.0,0.146
13,JJ Redick,PHI,34,70,45,25,30.2,101.2,2.4,7.1,10.3,0.5,9.8,0.1,2.6,11.7,7.7,6.1,25.6,0.143
14,Anthony Davis,NOP,25,75,45,30,36.4,103.6,8.6,21.3,31.6,1.5,24.3,2.6,53.5,12.2,10.6,10.9,34.8,0.143
15,Devin Robinson,WAS,23,1,0,1,13.2,82.1,3.0,25.0,30.0,1.0,100,0.0,0.0,2.0,0.0,2.0,6.0,0.142
16,Joe Ingles,UTA,30,82,48,34,31.4,101.7,3.9,12.5,17.6,1.1,19.5,0.2,7.5,10.9,7.0,6.7,27.5,0.141
17,Jrue Holiday,NOP,28,81,47,34,36.1,103.6,3.7,9.5,13.9,1.5,24.8,0.8,16.9,12.4,10.2,10.4,34.3,0.141
18,Damian Lillard,POR,27,73,44,29,36.6,104.0,3.6,9.4,13.3,1.1,19.2,0.4,8.9,11.3,8.9,8.7,32.7,0.139
19,Chris Paul,HOU,33,58,50,8,31.8,102.2,4.8,15.1,21.5,1.7,27.7,0.2,7.9,8.8,8.0,7.5,30.8,0.138
20,LaMarcus Aldridge,SAS,32,75,45,30,33.4,102.6,5.2,15.6,21.7,0.6,11.1,1.2,28.4,9.6,8.1,8.4,29.0,0.138
21,Victor Oladipo,IND,26,75,48,27,34.0,103.4,4.6,13.2,19.5,2.4,33.8,0.8,24.7,10.5,9.4,8.5,30.2,0.135
22,Josh Richardson,MIA,24,81,44,37,33.2,103.3,2.7,8.0,11.5,1.5,28.0,0.9,24.1,10.6,8.2,7.6,29.5,0.133
23,Dario Saric,PHI,24,78,49,29,29.6,101.7,4.7,14.7,21.0,0.7,13.1,0.3,8.8,11.2,7.1,6.3,25.4,0.133
24,Eric Gordon,HOU,29,69,55,14,31.2,102.8,2.1,6.5,9.2,0.6,12.1,0.4,12.3,10.3,8.2,7.2,31.5,0.131
25,Kyrie Irving,BOS,26,60,41,19,32.2,103.3,3.2,9.6,13.9,1.1,23.2,0.3,8.6,10.4,7.6,7.2,29.5,0.129
26,Derrick Favors,UTA,26,77,46,31,28.0,101.5,4.6,16.7,23.0,0.7,14.8,1.1,38.5,9.8,6.0,5.9,24.9,0.128
27,Danilo Gallinari,LAC,29,21,11,10,32.0,103.1,4.4,13.3,18.9,0.6,12.7,0.5,16.4,9.5,7.0,9.1,28.4,0.127
28,Paul George,OKC,28,79,47,32,36.6,105.2,4.7,13.2,19.2,2.0,28.3,0.5,13.7,11.1,9.7,8.8,33.4,0.126
29,Kyle Anderson,SAS,24,74,41,33,26.7,101.0,4.2,15.8,22.4,1.6,33.7,0.8,23.1,8.6,6.6,7.2,25.2,0.126
30,Russell Westbrook,OKC,29,80,47,33,36.4,105.3,8.2,22.6,32.3,1.8,25.8,0.3,6.9,11.3,9.3,9.0,33.5,0.125
31,DeMarcus Cousins,NOP,27,48,27,21,36.2,105.0,10.7,29.2,41.3,1.6,28.3,1.6,40.2,13.3,9.0,10.3,33.2,0.124
32,Jon Leuer,DET,29,8,5,3,17.1,93.9,3.1,17.9,26.3,0.1,3.3,0.4,42.9,5.9,3.4,2.3,17.0,0.124
33,CJ McCollum,POR,26,81,48,33,36.1,105.1,3.3,8.9,12.6,1.0,17.3,0.4,10.8,10.6,8.5,8.9,32.1,0.124
34,Andre Iguodala,GSW,34,64,46,18,25.4,100.4,3.1,10.9,16.4,0.8,20.8,0.6,14.7,10.0,7.1,6.5,24.4,0.124
35,Terry Rozier,BOS,24,80,54,26,25.9,100.8,3.9,14.4,21.0,1.0,25.5,0.2,10.5,8.0,6.1,5.5,23.2,0.124
36,Lonzo Ball,LAL,20,52,24,28,34.2,104.8,5.6,15.3,21.6,1.7,28.0,0.8,21.8,12.3,9.5,9.3,34.8,0.122
37,Dejounte Murray,SAS,21,81,47,34,21.5,98.0,4.3,19.6,27.4,1.2,32.6,0.4,13.4,6.5,5.0,5.5,18.9,0.122
38,Draymond Green,GSW,28,70,48,22,32.7,104.4,6.6,18.3,27.5,1.4,23.7,1.3,28.1,13.0,9.2,9.3,30.9,0.122
39,Luc Mbah a Moute,HOU,31,61,52,9,25.6,101.0,2.7,10.2,14.2,1.2,24.5,0.4,16.0,7.9,6.3,5.6,24.2,0.120
40,Giannis Antetokounmpo,MIL,23,75,39,36,36.7,105.7,8.0,21.8,32.4,1.5,21.7,1.4,32.0,11.3,9.5,7.0,34.4,0.120
41,Klay Thompson,GSW,28,73,55,18,34.3,104.9,3.4,8.9,13.2,0.8,13.1,0.5,9.0,13.0,9.9,10.4,33.1,0.120
42,Mike Conley,MEM,30,12,7,5,31.1,103.7,2.3,7.0,10.6,1.0,20.7,0.3,7.1,7.8,9.8,7.2,26.8,0.120
43,Markelle Fultz,PHI,20,14,11,3,18.1,96.0,2.3,10.5,15.1,0.9,25.0,0.3,14.3,5.3,5.0,3.1,16.4,0.119
44,Yogi Ferrell,DAL,25,82,24,58,27.8,102.5,2.7,9.7,14.1,0.8,19.1,0.1,4.7,7.6,6.5,7.5,23.2,0.119
45,Jimmy Butler,MIN,28,59,37,22,36.7,105.6,4.0,11.2,16.4,2.0,28.2,0.4,11.9,11.4,9.6,9.2,33.5,0.118
46,John Wall,WAS,27,41,23,18,34.4,105.3,3.1,8.8,12.9,1.4,24.7,1.1,31.0,11.1,9.5,8.9,32.7,0.118
47,Thaddeus Young,IND,30,81,48,33,32.2,104.3,4.0,12.8,18.6,1.7,25.6,0.4,16.1,10.0,8.6,8.5,30.0,0.118
48,Jusuf Nurkic,POR,23,79,48,31,26.4,102.0,6.6,23.7,33.5,0.8,19.3,1.4,42.0,8.2,6.6,6.4,23.7,0.118
49,Bradley Beal,WAS,25,82,43,39,36.3,105.7,3.7,10.1,14.7,1.2,19.3,0.4,12.8,12.5,9.9,8.4,34.1,0.118
50,Trevor Ariza,HOU,33,67,51,16,33.9,105.1,3.9,11.6,16.5,1.5,23.7,0.2,6.0,12.0,8.3,9.2,35.4,0.117
51,PJ Tucker,HOU,33,82,65,17,27.8,102.7,4.4,16.0,22.8,1.0,18.4,0.3,11.5,9.4,7.0,7.0,26.7,0.117
52,Bojan Bogdanovic,IND,29,80,47,33,30.8,104.1,3.0,9.7,14.2,0.7,12.0,0.1,3.6,9.9,8.5,8.4,29.8,0.116
53,Al-Farouq Aminu,POR,27,69,40,29,30.0,103.8,6.2,19.8,28.1,1.1,23.4,0.6,15.7,9.0,7.6,7.5,26.9,0.116
54,Danny Green,SAS,31,70,40,30,25.6,101.7,3.0,11.5,16.1,0.9,21.7,1.1,33.6,7.6,5.8,6.5,22.8,0.114
55,James Harden,HOU,28,72,59,13,35.4,105.7,4.8,13.7,19.3,1.8,26.8,0.7,19.4,11.9,8.8,9.2,35.7,0.114
56,Chinanu Onuaku,HOU,21,1,0,1,21.6,97.6,3.0,13.6,23.1,0.0,0.0,0.0,0.0,8.0,4.0,2.0,16.0,0.114
57,Otto Porter Jr.,WAS,25,77,42,35,31.6,104.5,5.1,16.1,23.2,1.5,27.6,0.5,18.1,10.7,8.0,6.7,29.6,0.113
58,Pau Gasol,SAS,37,77,45,32,23.5,100.7,6.4,25.6,36.3,0.3,8.9,1.0,38.2,7.3,6.0,6.4,21.3,0.113
59,Steven Adams,OKC,24,76,43,33,32.7,105.2,4.0,12.3,17.5,1.2,19.6,1.0,33.9,9.8,8.4,8.1,29.6,0.112
60,Kyle Lowry,TOR,32,78,57,21,32.2,105.0,4.7,14.2,19.9,1.1,22.8,0.2,6.5,10.3,8.6,8.1,30.0,0.112
61,Goran Dragic,MIA,32,75,39,36,31.7,105.0,3.4,10.5,15.2,0.8,17.2,0.2,4.5,10.3,7.7,7.9,29.5,0.111
62,Tyler Johnson,MIA,26,72,39,33,28.5,103.8,3.0,10.5,15.0,0.8,17.9,0.5,16.3,9.1,6.7,6.6,26.3,0.111
63,Aron Baynes,BOS,31,81,54,27,18.3,96.6,3.8,19.6,26.3,0.3,10.2,0.6,37.2,5.6,3.9,3.6,15.4,0.110
64,Alan Williams,PHX,25,5,1,4,14.1,89.6,3.8,26.0,35.8,1.0,27.8,0.2,11.1,4.6,2.8,2.2,10.8,0.110
65,Thabo Sefolosha,UTA,34,38,16,22,21.2,99.9,3.5,17.0,23.9,1.4,30.4,0.3,13.8,6.9,4.8,3.7,18.0,0.108
66,Patrick Beverley,LAC,29,11,5,6,30.3,104.3,2.6,9.2,13.3,1.7,29.7,0.5,19.2,10.6,6.8,7.7,22.4,0.108
67,Justise Winslow,MIA,22,68,33,35,24.7,102.2,4.5,17.8,25.2,0.8,20.8,0.5,18.2,7.8,5.5,5.8,21.1,0.108
68,E'Twaun Moore,NOP,29,82,48,34,31.5,105.2,2.2,6.5,9.5,1.0,17.9,0.1,3.6,10.7,8.9,9.4,30.8,0.108
69,DeMar DeRozan,TOR,28,80,57,23,33.9,106.0,3.2,9.1,13.0,1.1,22.0,0.3,6.7,10.2,9.0,8.9,32.4,0.107
70,Carmelo Anthony,OKC,34,78,46,32,32.1,105.6,4.9,15.8,22.6,0.6,10.0,0.6,20.7,9.7,7.8,8.0,29.7,0.107
71,Damion Lee,ATL,25,15,4,11,27.0,103.7,4.0,13.8,18.3,1.3,31.1,0.1,3.3,10.1,5.3,8.0,23.7,0.107
72,Dion Waiters,MIA,26,30,16,14,30.6,104.9,2.3,7.8,11.0,0.8,16.3,0.3,10.3,10.6,7.7,5.9,27.9,0.106
73,Derrick Williams,LAL,27,2,1,1,4.3,52.2,0.5,14.3,14.3,0.0,0.0,0.0,0.0,2.0,0.0,1.0,1.0,0.106
74,Clint Capela,HOU,24,74,62,12,27.5,103.8,7.6,27.8,38.4,0.8,16.7,1.9,58.1,8.7,6.5,7.1,29.3,0.105
75,Blake Griffin,DET,29,58,28,30,34.0,106.4,6.1,17.5,25.4,0.7,12.9,0.3,9.9,11.9,9.5,9.2,30.7,0.104
76,Tyreke Evans,MEM,28,52,19,33,30.9,105.2,4.3,13.7,20.8,1.1,23.0,0.3,9.5,9.4,7.5,8.8,25.7,0.104
77,Gerald Green,HOU,32,41,33,8,22.7,101.6,2.9,12.4,17.3,0.6,16.6,0.4,15.8,6.4,6.3,5.3,22.6,0.103
78,Nikola Mirotic,NOP,27,55,34,21,27.2,104.2,6.3,21.3,31.0,0.8,17.0,0.7,22.2,8.6,7.8,7.4,27.6,0.102
79,Wayne Ellington,MIA,30,77,42,35,26.5,103.7,2.5,9.4,13.5,0.7,17.7,0.1,3.5,8.3,6.4,5.4,23.0,0.102
80,Myles Turner,IND,22,65,39,26,28.2,104.6,5.0,17.4,25.6,0.6,10.7,1.8,58.7,8.1,7.7,6.5,25.2,0.101
81,Kristaps Porzingis,NYK,22,48,22,26,32.4,106.0,5.3,15.4,22.4,0.8,17.5,2.4,57.5,10.6,9.2,7.1,27.5,0.101
82,Dante Exum,UTA,22,14,10,4,16.8,97.6,1.6,8.3,12.4,0.6,20.0,0.2,8.1,5.4,5.1,2.9,14.3,0.101
83,Royce O'Neale,UTA,25,69,43,26,16.7,96.8,3.1,17.5,24.5,0.5,19.1,0.2,11.8,5.1,3.7,2.9,14.0,0.101
84,Hassan Whiteside,MIA,29,54,30,24,25.3,103.8,8.2,31.7,44.8,0.7,18.2,1.7,54.7,8.2,5.8,7.4,22.8,0.099
85,Stanley Johnson,DET,22,69,33,36,27.4,104.7,3.2,11.5,16.5,1.4,28.9,0.2,10.4,8.0,6.5,5.8,23.7,0.098
86,Marcus Morris,BOS,28,54,34,20,26.7,104.5,4.6,16.6,24.2,0.6,16.7,0.2,9.0,8.4,6.5,6.8,26.3,0.098
87,Aaron Jackson,HOU,32,1,0,1,34.5,106.2,1.0,3.1,4.3,0.0,0.0,0.0,0.0,11.0,6.0,7.0,36.0,0.098
88,Brandon Ingram,LAL,20,59,27,32,33.5,106.9,4.4,12.1,17.7,0.8,14.3,0.7,20.2,13.1,9.4,8.6,33.5,0.097
89,Nikola Jokic,DEN,23,75,43,32,32.6,106.5,8.1,25.4,35.6,1.2,23.5,0.8,28.1,12.4,6.9,8.4,30.7,0.097
90,Kemba Walker,CHA,28,80,36,44,34.2,107.1,2.7,7.7,10.5,1.1,24.3,0.3,9.0,10.8,7.9,7.6,31.5,0.097
91,Fred VanVleet,TOR,24,76,55,21,20.0,100.4,2.1,10.2,15.5,0.9,25.4,0.3,8.6,5.4,5.6,3.8,17.8,0.096
92,CJ Miles,TOR,31,70,50,20,19.1,100.1,1.9,9.7,15.1,0.5,16.2,0.3,11.2,5.4,5.7,4.2,17.9,0.096
93,Stephen Curry,GSW,30,51,41,10,32.0,106.9,4.4,12.4,18.5,1.6,27.9,0.2,3.3,12.4,9.0,9.9,32.5,0.096
94,Kelly Olynyk,MIA,27,76,42,34,23.4,103.0,4.5,20.0,28.5,0.8,20.7,0.5,20.8,7.1,5.4,4.9,21.0,0.095
95,Jonathan Isaac,ORL,20,27,11,16,19.8,100.9,3.1,14.1,21.1,1.2,35.9,1.1,44.1,7.6,5.6,5.5,18.4,0.095
96,Kentavious Caldwell-Pope,LAL,25,74,31,43,33.2,107.0,4.4,12.7,18.1,1.4,27.2,0.2,6.3,11.9,9.2,8.9,34.3,0.095
97,Andre Drummond,DET,24,78,37,41,33.7,107.2,10.9,32.9,46.6,1.5,27.3,1.6,59.3,11.2,8.2,7.6,31.4,0.094
98,Serge Ibaka,TOR,28,76,53,23,27.5,105.3,5.3,18.3,25.6,0.4,10.1,1.3,39.9,8.8,7.5,7.4,26.3,0.094
99,Pascal Siakam,TOR,24,81,59,22,20.7,101.6,3.5,16.8,25.2,0.8,20.5,0.5,19.2,6.3,5.3,4.2,18.8,0.094
100,Marcin Gortat,WAS,34,82,43,39,25.3,104.2,5.4,21.3,30.3,0.5,11.7,0.7,32.3,8.7,6.3,5.9,24.2,0.093
101,Patty Mills,SAS,29,82,47,35,25.7,104.5,1.6,6.1,9.0,0.7,16.5,0.1,4.4,7.6,6.5,6.6,24.8,0.093
102,Evan Turner,POR,29,79,48,31,25.7,104.6,2.7,10.0,14.4,0.6,17.3,0.4,13.6,8.1,6.4,6.4,23.5,0.093
103,Dorian Finney-Smith,DAL,25,21,4,17,21.3,102.2,2.5,12.1,16.9,0.5,15.2,0.2,12.5,5.0,4.4,6.7,19.0,0.093
104,Vander Blue,LAL,25,5,1,4,9.0,83.8,0.2,2.2,2.9,0.2,8.3,0.0,0.0,4.8,2.0,0.0,6.8,0.092
105,Delon Wright,TOR,26,69,49,20,20.8,101.7,2.2,10.7,15.9,1.0,27.7,0.5,16.3,6.5,6.0,4.7,19.2,0.092
106,Khris Middleton,MIL,26,82,44,38,36.4,108.1,4.7,13.3,19.8,1.5,21.1,0.3,6.2,11.8,9.9,7.5,35.3,0.092
107,Gary Harris,DEN,23,67,37,30,34.4,107.6,2.1,6.1,8.8,1.8,31.3,0.2,6.8,13.1,7.6,8.7,34.0,0.092
108,Larry Nance Jr.,CLE,25,66,32,34,21.5,102.8,4.4,19.9,29.7,1.3,30.0,0.6,28.6,7.3,6.2,4.8,21.5,0.091
109,James Johnson,MIA,31,73,37,36,26.6,105.3,4.1,14.8,21.6,1.0,23.0,0.7,23.0,8.9,7.1,5.5,24.0,0.091
110,Rudy Gay,SAS,31,57,36,21,21.6,102.7,3.8,17.5,25.1,0.8,25.3,0.7,30.9,6.9,5.3,5.6,19.7,0.091
111,Langston Galloway,DET,26,58,28,30,14.9,96.6,1.4,8.9,12.7,0.6,23.8,0.1,7.1,4.2,3.1,2.5,12.6,0.091
112,T.J. McConnell,PHI,26,76,50,26,22.5,103.4,2.5,10.0,15.0,1.2,32.9,0.2,6.8,9.6,6.4,5.0,20.1,0.090
113,Eric Bledsoe,MIL,28,74,40,34,31.4,107.1,3.1,10.0,15.2,2.0,32.4,0.6,15.0,10.2,9.2,6.8,30.4,0.089
114,Aaron Gordon,ORL,22,58,19,39,32.9,107.6,6.4,19.1,27.7,1.0,18.4,0.8,22.5,11.5,8.4,9.0,35.3,0.089
115,Bam Adebayo,MIA,20,69,34,35,19.8,101.7,3.8,19.4,27.0,0.5,15.9,0.6,26.8,6.9,4.6,4.4,17.7,0.089
116,Kyle Kuzma,LAL,22,77,34,43,31.2,107.0,5.1,15.4,22.7,0.6,13.6,0.4,15.4,11.7,9.0,8.1,31.9,0.089
117,Jerryd Bayless,PHI,29,39,21,18,23.7,104.3,1.7,6.6,9.9,0.6,13.4,0.2,5.9,10.0,6.1,5.2,21.0,0.089
118,Iman Shumpert,SAC,28,14,9,5,19.7,102.4,2.4,11.3,17.0,0.6,23.1,0.3,16.7,7.0,6.1,3.9,17.7,0.089
119,Nene,HOU,35,52,42,10,14.6,97.2,2.3,15.6,21.6,0.5,17.0,0.3,24.6,4.4,3.7,2.7,11.9,0.088
120,Raul Neto,UTA,26,41,28,13,12.2,93.4,1.0,7.9,10.9,0.3,14.9,0.1,6.2,3.4,2.2,2.0,9.7,0.088
121,Nikola Vucevic,ORL,27,57,17,40,29.5,106.9,7.4,24.9,35.1,1.0,18.2,1.1,42.2,10.2,7.2,8.2,30.3,0.087
122,Dwyane Wade,MIA,36,67,37,30,22.9,104.4,3.0,12.4,18.4,0.9,26.2,0.7,32.4,7.9,6.1,5.7,21.3,0.087
123,Reggie Jackson,DET,28,45,27,18,26.7,105.6,2.1,8.4,12.1,0.6,13.4,0.1,5.3,8.3,6.0,5.9,24.1,0.087
124,Will Barton,DEN,27,81,46,35,33.1,107.8,4.2,12.6,18.3,1.0,19.5,0.6,18.6,13.0,7.8,8.8,33.3,0.087
125,Jacob Wiley,BKN,23,5,1,4,6.7,75.3,1.8,22.5,26.5,0.2,20.0,0.0,0.0,2.4,0.4,0.8,5.2,0.087
126,DeMarre Carroll,BKN,31,73,25,48,29.9,106.8,5.1,16.5,24.3,0.8,20.4,0.4,13.2,9.9,8.8,7.1,29.5,0.087
127,Shabazz Napier,POR,26,74,46,28,20.7,102.6,1.9,9.0,13.0,1.1,37.0,0.2,9.1,6.3,5.2,4.3,18.1,0.087
128,Mario Chalmers,MEM,32,66,21,45,21.5,103.6,2.2,10.4,15.7,1.2,30.9,0.2,9.9,8.1,5.4,6.6,18.7,0.087
129,Andrew Wiggins,MIN,23,82,47,35,36.3,108.5,3.4,9.4,14.0,1.1,17.3,0.6,18.2,11.1,9.7,9.9,33.8,0.087
130,OG Anunoby,TOR,20,74,51,23,20.0,102.4,1.9,9.0,12.6,0.7,24.0,0.2,7.5,6.5,5.2,5.6,20.3,0.086
131,Reggie Bullock,DET,27,62,32,30,27.9,106.3,2.0,7.2,10.3,0.8,18.2,0.2,8.6,8.8,6.9,6.5,25.6,0.086
132,Mindaugas Kuzminskas,NYK,28,1,0,1,1.9,0.0,0.0,0.0,0.0,0.0,0.0,0.0,0.0,0.0,0.0,0.0,0.0,0.086
133,Amir Johnson,PHI,31,74,47,27,15.8,99.2,2.8,16.9,23.5,0.6,19.7,0.6,40.4,6.6,3.7,3.7,14.2,0.086
134,John Henson,MIL,27,76,39,37,25.9,105.5,4.8,18.5,26.9,0.6,12.8,1.4,42.6,8.1,6.8,4.7,25.3,0.086
135,Cory Joseph,IND,26,82,48,34,27.0,106.0,2.7,10.1,14.7,1.0,20.9,0.2,9.9,8.2,6.8,6.4,24.2,0.086
136,Rajon Rondo,NOP,32,65,41,24,26.2,105.8,3.6,12.4,18.5,1.1,23.8,0.2,4.4,9.3,7.8,8.9,26.6,0.086
137,Luke Kennard,DET,22,73,34,39,20.0,102.3,2.1,10.4,14.9,0.6,20.2,0.2,9.6,6.2,4.5,3.4,17.7,0.086
138,JaKarr Sampson,SAC,25,22,6,16,15.6,98.4,2.6,16.1,23.2,0.4,14.3,1.0,51.2,4.5,3.8,3.8,12.4,0.086
139,Kyle Korver,CLE,37,73,43,30,21.6,103.6,2.1,9.3,13.7,0.4,13.2,0.4,18.4,6.7,5.8,4.4,19.6,0.085
140,Dwight Howard,CHA,32,81,35,46,30.4,107.2,9.3,29.5,40.8,0.6,14.7,1.6,49.6,10.1,7.2,7.0,28.2,0.085
141,Karl-Anthony Towns,MIN,22,82,47,35,35.6,108.4,9.4,27.2,39.7,0.8,13.0,1.4,43.1,10.9,9.3,9.4,33.2,0.085
142,Ish Smith,DET,29,82,39,43,24.9,105.3,2.4,9.5,13.5,0.8,20.4,0.2,10.9,7.4,5.9,5.0,22.8,0.085
143,Taj Gibson,MIN,33,82,47,35,33.2,108.0,4.8,14.6,21.5,0.8,12.9,0.7,22.7,9.9,9.2,8.9,31.1,0.085
144,Paul Millsap,DEN,33,38,22,16,30.1,107.1,4.7,15.3,22.7,1.0,20.4,1.2,37.6,10.9,8.1,8.6,28.8,0.085
145,Bryn Forbes,SAS,24,80,46,34,19.0,101.9,1.2,6.5,9.4,0.4,12.2,0.0,1.3,5.9,5.0,4.5,17.7,0.085
146,Dillon Brooks,MEM,22,82,22,60,28.7,106.6,2.5,9.2,13.5,0.9,20.6,0.2,7.9,10.1,6.9,8.3,24.5,0.085
147,Ersan Ilyasova,PHI,31,69,36,33,25.1,105.2,4.2,16.1,23.9,0.9,21.8,0.4,14.0,8.4,6.9,6.5,23.0,0.085
148,Domantas Sabonis,IND,22,74,45,29,24.5,105.1,5.5,22.7,33.1,0.5,12.5,0.4,25.0,8.4,6.3,6.3,22.4,0.085
149,Darren Collison,IND,30,69,39,30,29.3,106.9,2.0,7.2,10.5,1.3,23.0,0.2,7.8,8.7,7.9,7.5,27.6,0.084
150,Ryan Anderson,HOU,30,66,52,14,26.1,105.9,3.6,13.9,19.3,0.4,8.7,0.3,13.5,8.8,6.1,7.2,27.5,0.084
151,Kevin Durant,GSW,29,68,49,19,34.2,108.4,6.4,16.9,25.6,0.7,13.3,1.8,33.7,13.6,10.1,10.8,34.5,0.084
152,Justin Holiday,CHI,29,72,24,48,31.5,107.7,3.6,11.4,15.2,1.1,22.5,0.4,17.5,9.8,7.1,7.9,28.1,0.084
153,Nigel Hayes,SAC,23,9,6,3,13.6,95.3,2.0,14.5,20.0,0.2,12.5,0.3,37.5,4.7,3.6,3.6,12.0,0.083
154,Dwight Powell,DAL,26,79,23,56,21.2,103.6,3.9,19.0,27.2,0.8,25.7,0.4,33.0,6.3,4.8,6.2,17.9,0.083
155,Joe Johnson,HOU,37,55,35,20,21.9,103.9,2.9,13.0,18.7,0.3,8.7,0.1,6.1,7.2,5.6,4.9,20.6,0.083
156,Anthony Tolliver,DET,33,79,37,42,22.2,104.2,2.4,10.9,15.6,0.4,11.7,0.3,15.4,6.3,4.7,4.3,19.0,0.083
157,Milos Teodosic,LAC,31,45,29,16,25.2,105.8,2.4,9.0,13.4,0.5,14.3,0.1,5.4,8.9,7.4,8.5,25.2,0.083
158,Tyrone Wallace,LAC,24,30,17,13,28.4,107.1,2.8,9.1,13.6,0.9,18.4,0.4,14.8,11.7,8.7,9.8,28.7,0.083
159,Frank Ntilikina,NYK,19,78,28,50,21.9,104.1,1.8,7.9,11.7,0.8,25.6,0.2,9.4,7.9,5.8,4.3,18.6,0.082
160,Doug McDermott,DAL,26,81,30,51,21.8,104.3,2.0,8.7,12.7,0.2,7.4,0.2,9.0,7.8,6.2,4.8,18.7,0.082
161,Avery Bradley,LAC,27,46,22,24,31.2,107.6,2.0,6.8,9.8,1.1,22.4,0.2,7.5,10.1,7.1,6.9,29.0,0.082
162,Tomas Satoransky,WAS,26,73,39,34,22.5,104.5,2.2,9.9,14.2,0.7,20.2,0.2,10.6,8.4,5.6,4.6,21.4,0.081
163,Dirk Nowitzki,DAL,40,77,24,53,24.7,105.9,5.4,22.7,31.7,0.6,16.3,0.6,38.8,7.0,5.6,8.4,21.5,0.081
164,Marvin Williams,CHA,32,78,33,45,25.7,106.2,3.8,14.0,19.3,0.7,20.4,0.5,17.4,8.6,6.1,5.9,23.9,0.081
165,Brandan Wright,HOU,30,28,11,17,13.6,96.8,2.2,16.1,24.9,0.5,21.0,0.9,49.1,4.1,3.4,2.9,10.6,0.081
166,Shaquille Harrison,PHX,24,23,3,20,16.7,101.1,2.3,13.0,18.3,1.1,33.3,0.3,20.0,6.6,4.2,3.9,14.3,0.080
167,Jae Crowder,UTA,27,80,52,28,26.1,106.5,2.7,10.3,14.8,0.8,18.1,0.3,11.5,9.1,6.5,6.1,24.7,0.080
168,Marco Belinelli,PHI,32,80,39,41,24.3,105.5,1.6,6.6,10.1,0.8,20.1,0.2,6.6,8.6,6.5,5.8,22.5,0.080
169,Shane Larkin,BOS,25,54,39,15,14.3,97.9,1.4,10.1,14.3,0.5,22.3,0.0,2.9,4.3,3.4,2.6,13.1,0.080
170,Alex Caruso,LAL,24,37,16,21,15.2,99.4,1.4,8.6,12.4,0.6,22.3,0.3,20.8,5.6,3.8,4.3,15.7,0.080
171,Markieff Morris,WAS,28,73,37,36,27.0,106.6,4.6,17.3,25.0,0.8,17.3,0.5,22.1,9.7,7.2,6.1,26.2,0.080
172,Pat Connaughton,POR,25,82,49,33,18.1,102.3,1.5,8.0,11.3,0.3,12.4,0.3,16.7,5.4,4.4,3.9,14.8,0.079
173,Jeff Green,CLE,31,78,47,31,23.4,105.5,2.4,9.5,14.3,0.5,15.2,0.4,22.4,7.6,6.7,5.0,22.3,0.079
174,Maurice Harkless,POR,25,59,36,23,21.4,104.5,2.0,9.0,12.7,0.8,23.2,0.7,27.0,7.4,5.1,4.6,18.5,0.078
175,Jordan Clarkson,CLE,26,81,40,41,23.3,105.5,2.0,8.0,12.0,0.7,19.2,0.1,3.7,8.6,6.8,5.4,22.7,0.078
176,Derrick White,SAS,23,17,7,10,8.2,87.5,1.2,12.8,19.8,0.2,13.8,0.2,16.7,1.8,2.5,1.4,7.3,0.078
177,Jakob Poeltl,TOR,22,82,59,23,18.6,102.7,2.8,15.0,22.5,0.5,14.8,1.2,52.9,5.7,5.0,4.0,17.2,0.078
178,D.J. Augustin,ORL,30,75,23,52,23.5,105.5,1.7,7.2,10.7,0.7,19.9,0.0,0.0,8.1,5.8,7.1,23.6,0.078
179,Ed Davis,POR,29,78,48,30,18.9,102.8,5.0,25.4,36.4,0.4,17.3,0.7,37.1,5.4,4.6,3.8,15.8,0.078
180,Jerami Grant,OKC,24,81,48,33,20.3,104.0,2.9,14.0,21.3,0.4,11.1,1.0,37.0,6.1,6.2,4.3,17.9,0.078
181,Michael Kidd-Gilchrist,CHA,24,74,34,40,25.0,106.3,2.9,11.5,15.6,0.7,19.7,0.4,16.7,8.1,5.4,5.8,24.1,0.077
182,J.J. Barea,DAL,34,69,23,46,23.2,105.6,2.7,12.0,17.0,0.5,15.5,0.0,2.7,6.8,5.5,7.3,19.9,0.077
183,Gian Clavell,DAL,24,7,0,7,9.1,89.6,0.9,10.2,13.3,0.3,18.2,0.0,0.0,3.1,2.1,0.9,6.6,0.077
184,Harrison Barnes,DAL,26,77,24,53,34.2,109.0,5.1,15.4,21.7,0.6,12.9,0.2,6.7,10.1,8.1,10.0,31.2,0.077
185,John Collins,ATL,20,74,21,53,24.1,106.0,4.9,20.1,30.3,0.6,15.0,1.1,48.5,9.0,6.4,6.7,21.4,0.077
186,Robin Lopez,CHI,30,64,23,41,26.4,106.8,2.4,9.3,12.2,0.2,5.5,0.8,37.6,8.4,5.5,6.5,24.0,0.076
187,Allen Crabbe,BKN,26,75,25,50,29.3,107.9,3.9,13.0,19.0,0.6,16.1,0.5,15.7,9.7,8.4,6.9,29.6,0.076
188,Dwight Buycks,DET,29,29,10,19,14.7,99.5,1.0,6.7,9.6,0.7,28.8,0.1,5.9,4.9,3.1,3.2,12.3,0.076
189,Wilson Chandler,DEN,31,74,41,33,31.7,108.5,4.0,12.7,18.1,0.6,11.1,0.5,15.7,12.0,7.3,9.1,31.0,0.076
190,Cody Zeller,CHA,25,33,14,19,19.0,103.6,3.3,18.4,24.8,0.4,14.3,0.6,46.7,5.5,2.8,3.4,17.3,0.075
191,Davis Bertans,SAS,25,77,43,34,14.1,99.4,1.8,12.2,17.8,0.3,14.9,0.4,23.5,4.5,3.8,3.3,12.7,0.075
192,Matt Williams Jr.,MIA,24,3,1,2,3.8,54.2,0.3,8.3,10.0,0.0,0.0,0.0,0.0,0.0,0.7,0.0,2.0,0.075
193,Caris LeVert,BKN,23,71,25,46,26.2,107.3,2.9,10.4,15.3,1.2,33.3,0.3,12.4,9.6,7.7,6.2,25.2,0.075
194,Lorenzo Brown,TOR,27,14,9,5,9.9,90.4,1.0,9.7,13.5,0.4,22.7,0.0,0.0,2.9,1.8,1.9,7.4,0.074
195,Isaiah Taylor,ATL,23,67,18,49,17.4,102.9,1.1,5.8,8.4,0.5,18.4,0.1,10.6,6.1,4.5,4.1,15.1,0.074
196,Buddy Hield,SAC,24,80,27,53,25.3,106.8,3.2,12.9,19.0,1.1,25.0,0.3,12.6,8.0,6.1,6.0,21.5,0.074
197,Marc Gasol,MEM,33,73,21,52,33.0,108.9,7.0,22.5,32.8,0.7,15.5,1.4,43.2,11.5,7.3,10.3,28.1,0.074
198,Terrence Ross,ORL,27,24,10,14,25.0,107.0,2.6,10.2,15.1,1.1,24.3,0.5,15.7,8.2,7.0,6.5,26.3,0.074
199,Spencer Dinwiddie,BKN,25,80,28,52,28.8,107.9,2.7,9.4,13.4,0.9,23.4,0.3,10.6,9.4,7.8,6.6,28.1,0.073
200,Kelly Oubre Jr.,WAS,22,81,43,38,27.5,107.7,3.8,13.6,20.2,1.0,22.4,0.4,17.1,10.2,8.4,6.5,26.1,0.073
201,Danuel House,PHX,25,23,6,17,17.5,102.6,2.7,14.0,20.5,0.3,13.0,0.3,23.1,5.8,4.9,4.4,13.9,0.073
202,Wade Baldwin IV,POR,22,7,4,3,11.5,96.6,1.0,9.0,11.9,0.3,16.7,0.1,16.7,4.7,2.0,3.7,8.9,0.073
203,Nicolas Batum,CHA,29,64,27,37,31.0,108.7,3.9,12.4,17.1,1.0,23.6,0.4,10.7,10.0,7.3,7.2,30.5,0.073
204,Kent Bazemore,ATL,28,65,19,46,27.5,107.7,3.4,12.4,18.9,1.5,31.2,0.7,25.0,10.5,8.1,7.4,26.1,0.073
205,Manu Ginobili,SAS,40,65,39,26,20.0,104.7,1.9,9.3,14.0,0.7,22.6,0.2,10.8,6.7,5.7,5.5,18.3,0.073
206,Jamel Artis,ORL,25,15,4,11,18.6,103.3,2.3,11.9,17.1,0.1,5.7,0.2,10.0,5.5,4.2,4.9,16.1,0.073
207,Denzel Valentine,CHI,24,77,26,51,27.2,107.6,4.5,16.8,22.9,0.8,19.8,0.1,6.8,9.4,6.1,6.4,24.5,0.072
208,Julius Randle,LAL,23,82,35,47,26.7,107.5,5.8,20.2,29.2,0.5,14.2,0.5,21.7,10.5,7.1,7.4,27.2,0.072
209,Tim Hardaway Jr.,NYK,26,57,19,38,33.1,109.3,3.4,9.9,14.4,1.1,23.8,0.2,5.5,10.6,9.0,8.3,29.3,0.072
210,Jeremy Lamb,CHA,26,80,36,44,24.6,106.9,3.4,14.0,19.4,0.8,22.5,0.4,17.7,7.1,5.0,5.2,22.2,0.071
211,Joe Harris,BKN,26,78,27,51,25.3,107.2,2.7,10.1,14.6,0.4,16.1,0.3,11.0,9.5,6.7,6.0,24.4,0.071
212,Timothe Luwawu-Cabarrot,PHI,23,52,29,23,15.5,101.7,1.1,6.4,9.3,0.2,11.1,0.1,6.0,6.4,3.9,4.2,13.5,0.071
213,Daniel Theis,BOS,26,63,44,19,14.9,101.0,2.9,18.9,27.8,0.5,22.2,0.8,47.1,4.9,3.4,3.3,12.6,0.071
214,Shaun Livingston,GSW,32,71,49,22,15.9,101.8,1.4,8.0,12.1,0.5,18.5,0.3,10.2,6.0,4.6,4.3,14.6,0.071
215,Jonas Valanciunas,TOR,26,77,56,21,22.4,106.1,6.2,26.3,36.8,0.4,13.8,0.9,34.3,7.3,6.1,6.2,21.2,0.070
216,Jeff Teague,MIN,30,70,41,29,33.0,109.4,2.6,8.1,12.1,1.5,25.7,0.3,11.2,10.3,8.8,9.7,30.4,0.070
217,Lou Williams,LAC,31,79,42,37,32.8,109.4,2.0,5.9,8.9,1.1,21.8,0.2,7.5,12.1,9.8,10.7,32.2,0.070
218,Dewayne Dedmon,ATL,28,62,18,44,24.9,107.2,6.3,24.9,35.5,0.6,16.0,0.8,35.9,9.4,6.3,6.3,21.7,0.070
219,Tony Parker,SAS,36,55,32,23,19.5,104.7,1.6,8.3,12.0,0.5,16.7,0.0,0.9,6.1,5.4,6.1,18.7,0.070
220,Devin Harris,DEN,35,71,33,38,18.9,104.6,1.6,8.5,12.3,0.7,23.7,0.2,9.6,6.6,4.9,5.5,16.5,0.069
221,Malcolm Brogdon,MIL,25,48,25,23,29.9,108.7,2.8,9.7,14.3,0.9,16.6,0.3,9.1,9.5,7.6,5.6,28.5,0.069
222,Jamal Murray,DEN,21,81,46,35,31.7,109.2,2.7,8.7,12.3,1.0,19.0,0.3,11.5,11.5,7.1,8.3,30.9,0.069
223,Ekpe Udoh,UTA,31,63,36,27,12.9,99.2,1.3,10.5,15.1,0.7,25.0,1.2,67.3,4.1,2.8,2.3,11.1,0.069
224,Jawun Evans,LAC,21,48,24,24,16.2,103.1,1.6,9.2,14.5,0.8,24.8,0.1,7.0,5.8,4.6,5.1,14.0,0.069
225,Rodney Hood,CLE,25,60,29,31,26.9,108.0,2.4,9.1,13.0,0.8,17.6,0.2,8.5,8.8,6.3,5.6,24.7,0.068
226,Garrett Temple,SAC,32,65,23,42,24.8,107.5,2.0,8.4,12.3,0.9,21.1,0.4,18.0,8.0,6.0,6.3,21.0,0.068
227,Shelvin Mack,ORL,28,69,21,48,19.8,105.0,2.1,10.2,15.7,0.8,25.5,0.1,5.6,7.1,5.1,4.9,18.1,0.068
228,Eric Moreland,DET,26,67,32,35,12.0,98.0,2.9,24.3,36.9,0.5,21.2,0.8,72.9,3.0,2.4,1.6,10.0,0.067
229,Evan Fournier,ORL,25,57,20,37,32.2,109.7,2.8,8.4,12.6,0.8,14.9,0.3,8.7,11.2,8.8,8.2,34.4,0.067
230,Frank Mason,SAC,24,52,17,35,18.9,104.6,1.9,10.7,16.1,0.7,19.8,0.2,10.4,5.4,4.8,4.0,16.4,0.067
231,Ian Clark,NOP,27,74,43,31,19.7,105.2,1.6,7.4,11.2,0.4,14.2,0.1,5.8,7.3,5.9,5.4,20.3,0.067
232,Ivica Zubac,LAL,21,43,19,24,9.5,93.7,1.8,16.8,23.3,0.2,13.3,0.3,34.9,3.3,2.0,2.2,8.5,0.067
233,Isaiah Whitehead,BKN,23,16,2,14,11.2,97.4,1.4,11.3,15.5,0.5,33.3,0.1,14.3,5.6,2.0,1.9,11.3,0.067
234,Quincy Acy,BKN,27,70,26,44,19.4,105.2,3.1,15.3,22.1,0.5,19.4,0.4,23.8,7.0,5.4,4.2,16.9,0.067
235,Jaylen Morris,ATL,22,6,2,4,16.4,104.1,2.3,12.5,18.4,0.3,15.4,0.2,8.3,8.5,5.3,6.0,13.3,0.067
236,Rondae Hollis-Jefferson,BKN,23,68,26,42,28.2,108.8,5.3,17.5,25.5,1.0,27.1,0.7,23.3,10.3,7.7,7.4,28.9,0.066
237,Semi Ojeleye,BOS,23,73,50,23,15.8,102.8,1.7,10.6,15.3,0.3,11.9,0.1,4.3,5.4,3.6,2.9,15.1,0.066
238,Mike James,NOP,27,36,11,25,19.1,105.4,2.1,10.4,15.3,0.8,28.0,0.2,9.2,6.3,5.5,5.5,18.9,0.066
239,Dante Cunningham,BKN,31,73,34,39,21.4,106.5,3.0,13.3,19.7,0.5,15.9,0.4,18.3,7.9,5.7,6.6,21.8,0.066
240,Willie Cauley-Stein,SAC,24,73,23,50,28.0,108.7,5.2,19.7,29.1,1.1,22.4,0.9,38.1,9.8,6.0,7.7,23.9,0.066
241,Tyus Jones,MIN,22,82,47,35,17.9,104.3,1.4,8.3,12.2,1.2,35.1,0.1,4.7,5.4,4.8,4.1,17.5,0.066
242,James Ennis III,DET,27,72,25,47,22.3,106.7,2.1,9.6,14.3,0.7,19.3,0.3,9.8,7.6,5.5,5.7,20.6,0.065
243,Wesley Johnson,LAC,30,74,38,36,20.1,106.0,2.5,12.2,17.9,1.0,28.5,0.8,38.8,7.6,5.4,6.3,18.4,0.065
244,DeAndre Jordan,LAC,29,77,39,38,31.5,109.5,10.9,33.9,48.5,0.5,10.8,0.9,33.8,11.3,8.2,10.4,29.0,0.065
245,Jarell Martin,MEM,24,73,21,52,22.7,107.2,3.0,13.9,20.8,0.5,15.3,0.7,27.5,8.0,5.6,6.2,19.2,0.064
246,Nicolas Brussino,ATL,25,4,0,4,2.5,36.4,0.8,20.0,25.0,0.0,0.0,0.0,0.0,0.0,0.0,0.0,1.5,0.064
247,Travis Wear,LAL,27,17,7,10,13.4,100.6,2.2,16.3,22.1,0.2,13.3,0.3,22.7,4.5,2.9,3.0,12.4,0.064
248,Dennis Smith Jr.,DAL,20,69,22,47,29.7,109.3,3.0,10.6,15.0,1.0,23.1,0.3,11.7,8.9,6.9,9.0,27.0,0.064
249,Okaro White,CLE,25,6,2,4,13.3,100.6,1.3,9.9,13.8,0.2,16.7,0.2,16.7,5.5,3.0,2.7,14.7,0.064
250,Tobias Harris,LAC,25,80,39,41,33.3,109.9,4.7,14.5,20.9,0.9,17.2,0.4,18.5,11.1,8.3,8.6,32.0,0.064
251,Raymond Felton,OKC,34,82,48,34,16.6,103.6,1.6,9.7,15.0,0.6,20.9,0.2,10.7,4.5,5.0,3.0,14.7,0.064
252,Andrew Harrison,MEM,23,56,17,39,23.7,107.4,1.9,8.5,12.4,0.7,21.0,0.5,19.4,7.6,5.2,7.4,19.3,0.064
253,Malcolm Delaney,ATL,29,54,16,38,18.8,105.3,1.7,9.0,13.9,0.6,21.7,0.1,7.4,6.7,5.2,4.7,16.3,0.064
254,Jonas Jerebko,UTA,31,74,45,29,15.3,102.9,2.6,17.5,24.4,0.3,12.3,0.2,12.4,5.1,3.4,2.6,13.6,0.063
255,Trevor Booker,IND,30,68,36,32,17.0,104.8,3.0,17.2,25.0,0.4,14.7,0.3,20.6,6.4,4.7,3.7,15.0,0.063
256,Wes Iwundu,ORL,23,62,18,44,16.5,103.7,1.6,10.0,14.7,0.5,20.5,0.2,13.0,5.1,3.7,4.7,15.5,0.063
257,Brook Lopez,LAL,30,74,34,40,23.4,107.7,3.0,12.0,16.7,0.4,11.0,1.3,54.1,8.6,6.7,6.6,23.8,0.062
258,Jamil Wilson,LAC,27,15,6,9,18.3,104.8,1.9,10.0,14.4,0.3,13.5,0.5,24.2,4.7,4.7,5.5,14.5,0.062
259,Tyler Zeller,MIL,28,66,27,39,16.8,104.6,3.0,16.8,23.4,0.2,10.0,0.5,36.5,6.1,4.0,4.8,16.3,0.062
260,Jack Cooley,SAC,27,7,4,3,12.5,99.4,2.3,18.4,26.7,0.1,8.3,0.0,0.0,3.4,4.1,3.0,10.9,0.062
261,Josh Hart,LAL,23,63,27,36,23.2,107.5,3.5,14.3,20.9,0.7,21.6,0.3,13.0,8.6,6.1,5.9,22.9,0.062
262,C.J. Williams,LAC,28,38,17,21,18.6,105.5,1.2,5.8,8.7,0.8,27.9,0.3,18.8,6.7,5.2,5.8,16.1,0.062
263,Jarrett Jack,NYK,34,62,26,36,25.0,108.2,2.7,10.6,15.4,0.6,18.3,0.1,2.3,8.6,6.4,6.2,22.3,0.062
264,Maxi Kleber,DAL,26,72,20,52,16.8,104.5,2.3,13.7,19.2,0.4,16.0,0.7,38.2,4.4,3.8,5.0,15.1,0.061
265,Darius Miller,NOP,28,82,48,34,23.7,107.9,1.8,7.0,10.4,0.3,9.3,0.2,7.9,8.4,7.0,6.7,24.1,0.061
266,Wesley Matthews,DAL,31,63,20,43,33.8,110.4,2.7,8.5,12.2,1.2,24.1,0.3,9.5,10.1,7.9,10.3,30.5,0.061
267,Alec Burks,UTA,26,64,37,27,16.5,104.3,2.7,16.8,23.4,0.6,22.3,0.1,7.4,5.8,3.6,3.1,14.8,0.061
268,David West,GSW,37,73,52,21,13.7,101.0,2.4,16.3,24.2,0.6,27.0,1.0,44.4,5.0,4.1,3.4,13.0,0.061
269,Emeka Okafor,NOP,35,26,16,10,13.6,102.1,2.8,17.5,26.4,0.3,13.6,1.0,39.1,5.0,4.3,4.9,14.5,0.061
270,Noah Vonleh,CHI,22,54,24,30,16.2,103.9,4.5,26.5,36.7,0.4,14.7,0.3,23.3,5.7,4.0,3.1,13.7,0.061
271,Lauri Markkanen,CHI,21,68,23,45,29.7,109.7,6.3,21.7,28.8,0.6,12.7,0.6,25.5,10.7,6.4,7.4,27.7,0.061
272,Nick Young,GSW,33,80,56,24,17.4,105.0,1.3,7.1,10.6,0.5,17.0,0.1,3.2,7.0,4.6,5.1,17.5,0.061
273,Josh Huestis,OKC,26,69,43,26,14.2,102.4,1.7,11.7,17.6,0.2,10.0,0.6,31.4,4.0,3.8,3.1,12.1,0.060
274,Kris Dunn,CHI,24,52,19,33,29.3,109.7,3.8,13.1,17.7,2.0,40.3,0.5,21.4,10.3,6.7,6.9,28.2,0.060
275,Kosta Koufos,SAC,29,71,22,49,19.6,106.3,4.5,23.6,34.5,0.7,21.8,0.5,26.7,5.4,5.0,4.2,16.9,0.060
276,Omri Casspi,GSW,30,53,40,13,14.0,102.5,3.2,20.5,30.7,0.3,14.4,0.4,15.7,5.4,4.3,4.4,14.3,0.060
277,Glenn Robinson III,IND,24,23,14,9,14.7,103.1,1.1,7.8,10.9,0.6,25.0,0.0,6.3,4.1,3.5,4.1,12.5,0.060
278,RJ Hunter,HOU,24,5,3,2,9.0,94.6,1.0,9.4,12.5,0.6,60.0,0.0,0.0,2.8,2.6,2.6,7.2,0.060
279,Marshall Plumlee,MIL,25,8,5,3,6.5,88.8,1.6,24.5,32.5,0.0,0.0,0.1,25.0,3.5,1.3,1.0,7.8,0.060
280,Nerlens Noel,DAL,24,30,6,24,15.7,104.3,4.0,27.3,37.7,1.0,38.3,0.7,68.8,5.4,3.4,4.7,13.5,0.059
281,Kyle O'Quinn,NYK,28,77,28,49,18.0,105.7,4.5,24.2,36.3,0.5,18.1,1.3,56.6,6.6,4.9,3.6,14.9,0.059
282,DeAndre' Bembry,ATL,23,26,8,18,17.5,105.6,2.5,14.2,21.8,0.8,25.6,0.5,30.0,6.3,5.3,4.0,15.5,0.059
283,Mike Muscala,ATL,26,53,14,39,20.0,107.0,3.3,15.2,21.8,0.6,18.9,0.5,29.3,7.1,4.9,5.5,18.0,0.059
284,Jason Terry,MIL,40,51,27,24,16.0,104.6,0.8,5.6,8.3,0.8,25.8,0.3,16.0,5.5,4.0,3.9,16.1,0.059
285,JaMychal Green,MEM,28,55,11,44,28.0,109.5,5.8,21.8,31.0,0.6,14.5,0.5,18.7,10.2,6.0,8.2,24.3,0.058
286,Jarrett Allen,BKN,20,72,25,47,20.0,106.9,3.4,15.7,23.9,0.4,15.2,1.2,53.3,7.1,6.3,4.4,20.1,0.058
287,Nemanja Bjelica,MIN,30,67,38,29,20.5,107.2,3.3,16.4,23.5,0.7,23.1,0.2,17.2,6.8,5.0,5.8,19.8,0.058
288,Sindarius Thornwell,LAC,23,73,36,37,15.8,104.7,1.5,8.6,12.8,0.7,26.7,0.3,22.9,5.9,4.5,4.8,14.2,0.058
289,Miles Plumlee,ATL,29,55,19,36,16.7,105.3,2.7,16.0,22.9,0.3,14.4,0.5,38.0,6.9,4.3,5.3,15.6,0.058
290,Ryan Arcidiacono,CHI,24,24,6,18,12.7,101.7,1.0,7.7,10.6,0.5,23.2,0.0,0.0,4.5,2.5,2.6,10.9,0.058
291,Johnathan Motley,DAL,23,11,1,10,16.0,104.3,3.2,20.0,28.9,0.3,18.8,0.2,20.0,5.1,4.0,4.5,15.1,0.058
292,Quinn Cook,GSW,25,33,21,12,22.4,107.8,2.2,9.4,14.0,0.4,10.7,0.0,1.0,7.8,6.6,6.6,22.8,0.057
293,Justin Jackson,SAC,23,68,21,47,22.2,108.0,2.4,10.9,15.7,0.4,12.4,0.2,9.8,7.5,5.0,5.8,19.7,0.057
294,Milton Doyle,BKN,24,10,2,8,12.5,101.5,1.5,12.5,17.2,0.6,25.0,0.2,18.2,4.7,3.5,3.6,14.0,0.057
295,Isaiah Canaan,PHX,27,20,9,11,21.1,107.1,2.0,9.4,14.2,0.8,29.6,0.1,4.0,7.4,5.6,5.7,19.8,0.057
296,Khem Birch,ORL,25,42,14,28,13.8,102.6,2.6,19.1,27.9,0.4,15.5,0.5,37.5,4.1,2.6,3.3,12.0,0.057
297,Jordan Bell,GSW,23,57,43,14,14.2,103.3,2.6,16.2,24.3,0.6,24.8,1.0,36.8,5.1,4.3,4.1,13.6,0.057
298,Richaun Holmes,PHI,24,48,30,18,15.5,104.7,3.2,18.2,27.0,0.4,16.1,0.6,42.0,5.9,4.7,3.6,14.3,0.057
299,Gordon Hayward,BOS,28,1,0,1,5.3,81.8,1.0,20.0,25.0,0.0,0.0,0.0,0.0,2.0,2.0,2.0,2.0,0.057
300,Sam Dekker,LAC,24,73,36,37,12.1,101.6,1.8,13.6,20.9,0.3,16.3,0.1,10.1,4.2,3.1,4.3,11.4,0.057
301,Lance Thomas,NYK,30,73,25,48,18.5,106.5,1.8,9.8,14.3,0.4,16.2,0.2,11.7,7.2,4.7,4.7,16.7,0.056
302,Jabari Parker,MIL,23,31,16,15,24.0,108.9,3.5,14.5,22.5,0.8,17.6,0.3,11.9,9.5,7.7,7.2,25.7,0.056
303,Jerian Grant,CHI,25,74,24,50,22.8,108.2,1.9,8.4,11.6,0.9,26.3,0.1,7.3,8.0,5.3,5.4,20.5,0.056
304,Ian Mahinmi,WAS,31,77,42,35,14.9,104.2,2.3,15.6,23.3,0.5,19.9,0.5,41.6,5.6,4.2,3.1,13.0,0.056
305,Jameer Nelson,DET,36,50,25,25,20.3,107.6,1.8,8.8,13.1,0.5,18.1,0.1,4.7,7.9,5.6,4.5,18.6,0.056
306,Patrick Patterson,OKC,29,82,48,34,15.5,104.4,2.0,12.8,19.8,0.6,21.5,0.3,14.7,4.1,4.7,3.1,14.1,0.056
307,Vince Carter,SAC,41,58,20,38,17.7,106.0,2.2,13.0,19.5,0.7,22.8,0.4,28.0,5.4,4.3,4.3,14.4,0.056
308,Lucas Nogueira,TOR,25,49,36,13,8.5,95.2,1.4,16.0,24.3,0.5,25.8,0.9,60.6,2.3,2.6,1.7,7.5,0.056
309,Mason Plumlee,DEN,28,74,40,34,19.5,107.2,3.6,18.2,27.1,0.7,21.3,1.1,47.9,8.0,5.0,5.3,18.5,0.056
310,Skal Labissiere,SAC,22,60,19,41,20.7,107.7,3.2,15.7,23.2,0.4,12.6,0.8,42.2,6.7,5.8,4.8,19.0,0.056
311,Marreese Speights,ORL,30,52,15,37,13.0,102.4,2.2,15.2,24.0,0.2,12.5,0.4,40.7,4.3,3.7,3.5,11.5,0.056
312,Joakim Noah,NYK,33,7,1,6,5.7,86.2,1.1,20.0,22.9,0.3,33.3,0.3,66.7,1.3,0.3,1.7,4.9,0.056
313,Wayne Selden,MEM,23,35,10,25,19.8,107.5,1.1,6.0,8.9,0.5,15.9,0.1,7.0,7.9,4.8,6.1,18.5,0.055
314,Tony Snell,MIL,26,75,42,33,27.4,109.8,1.8,6.6,10.0,0.6,12.9,0.4,12.4,9.5,7.3,5.7,27.7,0.055
315,Courtney Lee,NYK,32,76,27,49,30.4,110.4,2.6,8.2,12.2,1.1,26.0,0.2,6.5,11.2,8.4,7.9,28.1,0.055
316,Taurean Prince,ATL,24,82,24,58,30.0,110.4,4.1,13.8,20.3,1.0,20.7,0.5,18.1,11.8,8.2,8.5,28.7,0.055
317,Channing Frye,LAL,35,53,28,25,13.1,102.6,2.3,16.4,24.5,0.3,20.5,0.2,23.2,4.4,3.3,2.3,11.8,0.055
318,David Nwaba,CHI,25,70,26,44,23.5,108.8,3.4,14.2,20.0,0.8,22.6,0.4,23.0,7.9,6.0,5.2,22.6,0.055
319,Ron Baker,NYK,25,29,12,17,13.3,103.0,0.9,6.4,10.0,0.9,41.9,0.2,14.6,4.6,3.8,2.1,11.7,0.055
320,LeBron James,CLE,33,82,50,32,36.9,111.5,7.5,20.1,29.1,1.4,26.0,0.9,28.9,12.6,9.7,9.1,36.2,0.055
321,Kevon Looney,GSW,22,66,45,21,13.8,103.4,2.0,13.5,19.9,0.5,25.8,0.8,41.2,4.8,3.3,4.2,13.0,0.055
322,Alec Peters,PHX,23,20,2,18,11.2,100.6,1.5,12.0,16.2,0.1,6.1,0.1,8.3,2.8,2.8,2.8,9.8,0.055
323,Mike Scott,WAS,29,76,39,37,18.5,106.8,2.6,14.1,20.8,0.3,11.0,0.1,8.5,6.6,5.0,4.3,16.7,0.055
324,Tyler Ennis,LAL,23,54,22,32,12.7,102.2,1.4,10.1,14.6,0.6,32.3,0.2,16.1,4.6,3.5,2.9,12.3,0.055
325,Sterling Brown,MIL,23,54,26,28,14.4,104.1,2.1,14.7,23.0,0.6,22.3,0.2,14.9,4.8,4.4,3.6,14.7,0.054
326,Austin Rivers,LAC,25,61,30,31,33.7,110.9,1.9,5.8,8.5,1.2,23.3,0.3,9.2,11.9,8.7,11.1,32.7,0.054
327,Marquese Chriss,PHX,20,72,19,53,21.2,108.1,4.4,20.0,29.3,0.7,21.0,1.0,41.4,9.0,5.9,6.3,21.6,0.054
328,Zach Collins,POR,20,66,41,25,15.8,105.1,2.7,16.3,22.8,0.3,14.7,0.5,34.8,4.5,3.7,3.8,13.0,0.054
329,Salah Mejri,DAL,32,61,21,40,11.9,101.6,2.6,21.6,31.2,0.4,21.2,1.1,68.4,3.0,3.5,3.0,9.4,0.054
330,Brandon Paul,SAS,27,64,38,26,9.0,97.6,1.0,10.9,16.0,0.4,25.5,0.1,12.3,3.6,2.2,2.1,8.1,0.054
331,Devin Booker,PHX,21,54,16,38,34.5,111.3,4.0,11.2,16.4,0.9,17.3,0.3,7.7,14.2,9.3,11.6,33.9,0.054
332,Rodney McGruder,MIA,26,18,11,7,16.6,105.8,1.2,7.8,11.2,0.4,14.8,0.2,7.7,4.3,3.8,3.6,13.7,0.054
333,Henry Ellenson,DET,21,38,21,17,8.7,96.7,1.9,20.8,28.3,0.1,8.6,0.0,0.0,2.6,2.0,1.9,8.5,0.054
334,Kevin Love,CLE,29,59,37,22,28.0,110.1,7.5,27.4,38.7,0.7,16.9,0.4,20.3,10.3,7.1,6.8,27.8,0.054
335,Bruno Caboclo,SAC,22,12,4,8,8.9,96.2,1.3,14.6,20.8,0.3,18.8,0.3,30.8,3.4,2.1,1.9,6.8,0.053
336,Montrezl Harrell,LAC,24,76,39,37,17.0,106.3,2.7,14.6,22.5,0.5,17.5,0.7,38.2,6.1,5.0,5.0,15.8,0.053
337,Damyean Dotson,NYK,24,44,11,33,10.8,100.5,1.7,14.2,21.6,0.3,17.4,0.0,3.9,3.8,3.6,2.4,9.2,0.053
338,Josh Jackson,PHX,21,77,19,58,25.4,109.6,3.3,12.3,18.3,1.0,27.5,0.5,19.9,9.9,7.4,8.1,25.6,0.053
339,Derrick Jones Jr.,MIA,21,20,9,11,12.3,102.4,0.9,6.6,8.9,0.2,15.4,0.7,37.1,4.3,2.6,2.3,11.0,0.053
340,Nik Stauskas,BKN,24,41,14,27,12.8,103.0,1.5,10.7,15.9,0.2,12.7,0.1,9.1,4.5,3.7,2.6,12.7,0.052
341,Trey Lyles,DEN,22,73,41,32,19.1,107.4,4.0,21.5,30.7,0.4,14.4,0.5,22.2,7.0,3.6,4.6,18.3,0.052
342,Alex Abrines,OKC,24,75,42,33,15.1,105.0,1.2,7.9,12.2,0.5,19.0,0.1,6.7,4.3,4.3,3.2,13.5,0.052
343,Dennis Schroder,ATL,24,67,21,46,31.0,110.8,2.4,8.1,12.1,1.1,19.6,0.1,2.9,11.8,8.7,8.7,30.1,0.052
344,Bobby Portis,CHI,23,73,25,48,22.5,108.9,4.6,20.7,29.5,0.7,18.2,0.3,21.7,7.1,5.5,5.1,20.3,0.052
345,Lance Stephenson,IND,27,82,48,34,22.6,108.8,4.4,20.3,29.5,0.6,16.0,0.2,11.4,7.3,5.5,5.7,21.3,0.052
346,Michael Carter-Williams,CHA,26,52,23,29,16.1,105.7,1.9,13.1,18.4,0.8,31.7,0.4,29.5,4.2,2.8,3.0,14.5,0.052
347,Josh Magette,ATL,28,18,3,15,12.0,102.4,0.9,7.9,10.8,0.4,28.6,0.1,11.1,3.5,2.4,2.3,12.0,0.051
348,Rodney Purvis,ORL,24,16,5,11,18.1,107.0,1.6,8.5,12.7,0.2,6.7,0.2,9.4,5.3,4.8,5.9,16.6,0.051
349,Dwayne Bacon,CHA,22,53,25,28,13.5,104.2,2.3,15.8,21.4,0.3,16.3,0.0,4.0,3.8,3.2,3.0,12.5,0.051
350,Frank Kaminsky,CHA,25,79,35,44,23.2,109.1,3.1,13.9,19.1,0.5,14.0,0.2,12.7,6.4,4.7,4.7,22.1,0.051
351,Andrew Bogut,LAL,33,24,7,17,9.0,98.3,2.2,22.3,31.3,0.2,10.8,0.5,54.2,3.5,2.7,2.3,7.8,0.051
352,Tony Allen,NOP,36,22,12,10,12.4,103.3,1.2,9.1,13.5,0.5,22.9,0.1,13.6,4.5,3.8,2.1,10.8,0.051
353,Mario Hezonja,ORL,23,75,21,54,22.1,108.8,3.2,14.4,21.9,1.1,30.7,0.4,19.4,8.0,6.4,5.7,21.7,0.050
354,Tyler Ulis,PHX,22,71,20,51,23.4,109.2,1.5,6.1,9.0,1.0,28.9,0.1,4.7,9.1,6.3,7.1,22.6,0.050
355,Corey Brewer,OKC,32,72,32,40,16.8,107.1,1.5,8.9,13.2,1.1,36.2,0.2,13.0,6.3,4.9,4.9,16.9,0.050
356,Mirza Teletovic,MIL,32,10,4,6,15.9,106.3,2.0,12.8,18.9,0.4,26.7,0.1,6.7,7.6,3.0,1.2,12.0,0.050
357,Bogdan Bogdanovic,SAC,25,78,26,52,27.9,110.6,2.5,9.4,13.8,0.9,21.0,0.2,9.0,9.2,6.5,7.1,24.7,0.050
358,Tyler Dorsey,ATL,22,56,15,41,17.4,107.2,2.0,11.2,15.5,0.3,14.7,0.1,7.1,6.8,4.1,5.6,16.3,0.049
359,Jonathon Simmons,ORL,28,69,21,48,29.4,110.9,2.6,8.7,13.0,0.8,19.3,0.2,7.6,11.3,7.8,7.6,30.6,0.049
360,Justin Anderson,PHI,24,38,27,11,13.7,104.7,1.8,12.0,18.0,0.4,19.2,0.2,14.3,5.2,4.1,3.1,12.2,0.049
361,Tyson Chandler,PHX,35,46,15,31,25.0,109.9,6.2,24.1,34.8,0.3,10.7,0.6,27.0,10.1,7.0,8.3,23.4,0.049
362,Norman Powell,TOR,25,70,51,19,15.2,105.9,1.5,10.0,15.0,0.5,19.5,0.2,13.8,5.4,4.5,3.1,14.4,0.049
363,Dragan Bender,PHX,20,82,21,61,25.2,110.2,3.9,14.9,21.7,0.3,8.0,0.6,29.1,9.5,7.0,7.7,24.9,0.048
364,Joel Bolomboy,MIL,24,6,3,3,6.3,92.6,0.7,12.1,15.4,0.3,22.2,0.0,0.0,3.0,1.0,1.7,4.7,0.048
365,Julyan Stone,CHA,29,23,10,13,7.6,96.6,1.2,15.3,20.1,0.2,16.7,0.1,20.0,2.3,2.2,1.9,7.1,0.048
366,Solomon Hill,NOP,27,12,8,4,15.6,106.9,2.3,12.4,17.4,0.6,20.0,0.1,5.0,6.4,4.7,4.5,15.8,0.048
367,Greg Monroe,BOS,28,51,21,30,20.4,109.1,4.7,24.4,36.5,0.9,27.0,0.5,32.4,8.3,4.8,6.4,22.0,0.047
368,Dakari Johnson,OKC,22,31,21,10,5.2,87.0,0.6,11.1,15.7,0.2,15.4,0.3,53.3,1.5,0.7,1.0,3.5,0.047
369,Cameron Payne,CHI,23,25,7,18,23.3,109.9,2.0,8.9,12.2,1.0,25.5,0.4,27.3,7.4,5.4,4.7,19.8,0.046
370,Jeff Withey,DAL,28,10,2,8,3.9,80.0,0.9,22.0,28.1,0.0,0.0,0.3,50.0,1.1,1.0,0.5,2.2,0.046
371,TJ Warren,PHX,24,65,18,47,33.0,111.8,3.2,9.3,13.9,1.0,22.8,0.6,17.9,13.1,9.5,10.7,33.6,0.046
372,Treveon Graham,CHA,24,63,28,35,16.7,107.3,1.3,7.9,10.7,0.5,20.8,0.0,2.6,4.8,3.8,3.3,14.9,0.046
373,Jared Dudley,PHX,32,48,7,41,14.3,105.8,1.8,12.6,19.4,0.5,22.4,0.2,21.2,4.6,3.1,3.6,12.5,0.046
374,De'Aaron Fox,SAC,20,73,24,49,27.7,111.1,2.3,8.7,12.9,1.0,21.1,0.3,12.3,9.5,7.0,7.7,25.2,0.046
375,Jose Calderon,CLE,36,57,33,24,16.0,106.9,1.2,7.9,11.2,0.5,18.6,0.0,3.0,5.2,4.0,3.6,15.6,0.045
376,Enes Kanter,NYK,26,71,27,44,25.8,110.6,7.1,27.9,40.3,0.5,14.4,0.5,23.0,9.7,6.5,7.4,24.8,0.045
377,Alex Len,PHX,25,69,20,49,20.2,109.2,5.0,22.8,33.8,0.4,13.8,0.9,41.8,7.7,5.6,5.6,19.2,0.045
378,Kyle Collinsworth,DAL,26,32,9,23,15.0,106.6,2.3,16.2,23.2,0.5,21.5,0.3,21.4,3.6,3.6,4.4,13.1,0.045
379,Willy Hernangomez,CHA,24,48,20,28,10.3,102.4,2.5,24.8,34.4,0.4,23.7,0.3,39.0,3.8,2.6,2.4,9.0,0.045
380,Michael Beasley,NYK,29,74,24,50,22.3,109.9,4.3,19.1,28.4,0.5,14.9,0.6,24.7,8.1,6.1,5.4,20.6,0.044
381,D'Angelo Russell,BKN,22,48,16,32,25.7,110.9,3.3,12.2,18.6,0.8,20.3,0.4,11.8,9.9,8.2,7.5,28.5,0.044
382,Zaza Pachulia,GSW,34,69,47,22,14.1,106.2,3.4,22.3,32.4,0.6,24.4,0.2,15.0,5.1,3.7,4.4,14.6,0.044
383,Davon Reed,PHX,23,21,2,19,11.5,104.2,1.8,14.9,22.2,0.5,22.7,0.1,9.1,3.4,2.2,2.8,10.8,0.044
384,Luke Babbitt,MIA,29,50,15,35,14.3,106.8,1.8,12.3,18.5,0.2,6.5,0.1,11.5,4.7,3.4,3.2,12.9,0.043
385,George Hill,CLE,32,67,28,39,27.0,111.0,2.1,8.1,11.6,0.9,21.7,0.4,17.9,8.6,6.6,6.7,24.8,0.043
386,Tarik Black,HOU,26,51,40,11,10.5,103.5,2.0,18.1,26.3,0.4,23.1,0.6,57.7,4.7,2.7,3.0,10.2,0.043
387,Myke Henry,MEM,25,20,3,17,18.9,109.2,1.4,8.1,12.3,1.6,41.3,0.3,19.4,6.5,5.3,5.9,18.3,0.042
388,Johnny O'Bryant III,CHA,25,36,15,21,10.5,103.5,1.8,17.3,24.2,0.3,12.7,0.2,19.4,2.4,2.0,2.3,10.2,0.042
389,Willie Reed,DET,28,42,20,22,10.2,103.7,2.0,20.5,31.4,0.2,12.0,0.5,50.0,4.2,3.0,3.3,10.1,0.042
390,Al Jefferson,IND,33,36,17,19,13.4,106.1,3.1,22.7,34.2,0.4,21.3,0.6,52.3,3.6,3.8,3.3,12.6,0.042
391,Matthew Dellavedova,MIL,27,38,21,17,18.7,109.0,1.3,7.5,11.3,0.4,13.5,0.0,0.0,5.7,4.1,3.3,18.1,0.042
392,Jabari Bird,BOS,23,13,8,5,8.8,101.2,1.0,10.5,14.0,0.2,18.8,0.1,12.5,3.5,1.8,2.0,8.9,0.042
393,Tyler Cavanaugh,ATL,24,39,11,28,13.3,106.3,2.1,17.1,25.0,0.2,9.9,0.1,12.9,4.4,3.3,3.1,13.4,0.042
394,Caleb Swanigan,POR,21,27,16,11,7.0,97.5,1.4,20.7,28.5,0.2,15.6,0.1,25.0,2.0,1.4,1.8,5.9,0.041
395,Jacob Pullen,PHI,28,3,2,1,2.0,62.5,0.0,0.0,0.0,0.0,0.0,0.0,0.0,0.7,0.7,0.7,3.3,0.041
396,Timofey Mozgov,BKN,31,31,12,19,11.6,105.2,2.1,17.8,24.3,0.2,8.8,0.4,35.1,5.0,2.6,2.7,11.1,0.041
397,Matt Costello,SAS,24,4,2,2,8.1,100.0,2.0,27.6,40.0,0.5,50.0,0.5,66.7,2.0,3.8,0.5,5.5,0.041
398,Tim Frazier,WAS,27,59,31,28,14.2,107.1,1.6,12.1,17.6,0.8,32.9,0.1,11.3,4.8,3.6,2.7,12.0,0.040
399,Boban Marjanovic,LAC,29,39,18,21,8.7,101.6,2.5,27.4,37.8,0.3,19.2,0.3,44.0,3.4,1.7,2.0,6.2,0.040
400,Deyonta Davis,MEM,21,62,16,46,15.2,108.1,2.8,18.2,28.8,0.2,9.7,0.6,36.8,6.1,4.9,4.7,14.5,0.040
401,Anthony Brown,MIN,25,1,0,1,3.7,90.0,0.0,0.0,0.0,0.0,0.0,0.0,0.0,4.0,2.0,0.0,0.0,0.039
402,Justin Patton,MIN,21,1,0,1,3.7,90.0,0.0,0.0,0.0,1.0,50.0,0.0,0.0,4.0,2.0,0.0,0.0,0.039
403,Arron Afflalo,ORL,32,53,16,37,12.9,106.3,1.2,8.2,13.1,0.1,5.2,0.2,12.2,4.9,3.6,3.4,12.2,0.039
404,Antonio Blakeney,CHI,21,19,3,16,16.5,108.6,1.5,8.9,12.8,0.4,16.3,0.1,6.3,4.3,3.7,3.4,14.3,0.039
405,Kenneth Faried,DEN,28,32,16,16,14.4,107.5,2.7,19.3,25.8,0.4,20.7,0.4,35.1,6.5,3.1,4.3,15.6,0.039
406,Tim Quarterman,HOU,23,3,2,1,4.3,90.0,1.0,18.8,21.4,0.0,0.0,0.0,0.0,4.0,1.7,3.3,4.7,0.039
407,Malcolm Miller,TOR,25,15,15,0,8.4,101.5,0.7,9.0,11.8,0.1,4.8,0.1,14.3,3.7,1.8,3.1,7.7,0.038
408,Udonis Haslem,MIA,38,14,9,5,5.1,91.6,0.5,9.2,13.2,0.0,0.0,0.1,40.0,1.2,1.7,0.6,3.9,0.038
409,Chandler Parsons,MEM,29,36,12,24,19.2,110.1,2.1,11.7,17.2,0.5,19.4,0.3,17.7,7.0,4.5,5.2,17.9,0.038
410,Jodie Meeks,WAS,30,77,41,36,14.5,108.3,1.4,10.2,15.2,0.4,17.2,0.1,5.1,5.2,4.0,3.2,13.8,0.036
411,Patrick McCaw,GSW,22,57,41,16,16.9,109.3,1.2,6.5,10.1,0.8,25.4,0.2,5.9,6.6,4.9,4.9,18.1,0.036
412,Kay Felder,DET,23,16,6,10,8.7,103.6,0.9,10.8,14.9,0.2,14.3,0.1,14.3,3.8,2.6,2.3,8.1,0.036
413,Jordan Mickey,MIA,23,23,15,8,12.4,106.7,2.7,22.6,33.7,0.3,14.3,0.4,32.3,4.0,3.6,1.8,11.0,0.036
414,Malik Beasley,DEN,21,62,34,28,9.4,104.4,0.9,9.5,13.9,0.2,17.2,0.1,12.5,3.9,2.3,2.1,8.8,0.036
415,Kyle Singler,OKC,30,12,5,7,4.9,92.7,0.8,14.3,21.4,0.1,12.5,0.0,0.0,1.6,0.7,1.1,3.3,0.036
416,Gorgui Dieng,MIN,28,79,45,34,16.9,109.6,3.2,20.1,30.4,0.6,19.8,0.5,40.2,5.6,4.6,4.7,16.5,0.036
417,Aaron Harrison,DAL,23,9,2,7,25.9,112.0,2.2,9.1,13.2,1.0,29.0,0.2,9.1,7.2,6.7,7.2,25.3,0.035
418,Joe Young,IND,26,53,28,25,10.5,105.5,1.0,9.1,13.2,0.3,17.5,0.0,2.7,3.2,2.7,3.0,10.7,0.035
419,Malachi Richardson,TOR,22,26,8,18,12.4,107.2,1.1,9.7,14.9,0.4,17.2,0.0,4.0,3.7,3.1,3.5,10.9,0.035
420,Antonius Cleveland,ATL,24,17,7,10,7.2,101.1,0.6,8.5,12.1,0.4,35.0,0.3,33.3,2.2,2.0,1.8,6.6,0.035
421,Damian Jones,GSW,23,15,7,8,5.9,96.8,0.6,9.3,15.5,0.1,6.3,0.2,42.9,0.9,2.1,1.3,5.9,0.035
422,Guerschon Yabusele,BOS,22,33,24,9,7.1,100.8,1.1,15.2,20.5,0.1,10.0,0.2,26.3,2.3,1.6,1.7,6.5,0.035
423,Torrey Craig,DEN,27,39,22,17,16.1,109.5,2.2,13.4,19.1,0.3,13.5,0.4,23.1,5.6,3.4,4.3,15.4,0.035
424,Naz Mitrou-Long,UTA,24,1,0,1,0.5,0.0,0.0,0.0,0.0,0.0,0.0,0.0,0.0,0.0,0.0,0.0,0.0,0.035
425,Brandon Jennings,MIL,28,14,8,6,14.7,109.0,1.9,13.1,19.3,0.4,15.8,0.3,20.0,5.6,4.6,6.0,17.9,0.035
426,Abdel Nader,BOS,24,48,33,15,10.9,106.3,1.2,11.1,14.9,0.3,20.0,0.2,23.3,4.8,2.3,3.0,9.8,0.035
427,Emmanuel Mudiay,NYK,22,64,29,35,19.4,110.8,2.0,9.9,14.7,0.6,23.8,0.2,8.3,8.5,5.1,5.3,18.9,0.034
428,Ben McLemore,MEM,25,56,7,49,19.5,110.7,1.9,10.1,15.0,0.7,21.7,0.3,13.5,8.5,4.8,6.2,17.4,0.034
429,Joffrey Lauvergne,SAS,26,55,30,25,9.7,105.4,2.0,20.7,31.8,0.2,9.5,0.1,7.0,3.8,2.7,2.4,10.0,0.034
430,Gary Payton II,LAL,25,23,10,13,9.6,104.7,1.3,14.4,22.1,0.3,18.9,0.1,10.3,2.7,2.6,2.5,9.3,0.034
431,Vincent Hunter,MEM,23,4,0,4,1.9,66.7,0.3,16.7,25.0,0.0,0.0,0.3,100,0.5,0.0,0.5,0.5,0.034
432,Kadeem Allen,BOS,25,18,9,9,6.0,98.7,0.4,6.7,8.6,0.2,17.6,0.1,28.6,2.1,1.1,1.1,5.8,0.034
433,Paul Zipser,CHI,24,54,17,37,15.3,109.0,2.2,14.7,21.5,0.4,17.4,0.3,25.9,5.1,3.8,3.2,14.9,0.034
434,JR Smith,CLE,32,80,49,31,28.1,112.5,2.6,9.2,13.5,0.9,20.9,0.1,6.6,10.0,7.7,6.9,28.5,0.033
435,Thon Maker,MIL,21,74,40,34,16.7,109.9,2.0,13.0,21.1,0.5,16.7,0.7,41.7,5.4,5.0,3.6,16.6,0.033
436,Mangok Mathiang,CHA,25,4,3,1,5.0,95.2,1.8,33.3,38.9,0.3,50.0,0.0,0.0,1.8,0.5,2.3,4.5,0.032
437,Bismack Biyombo,ORL,25,82,25,57,18.2,110.5,4.0,20.9,33.3,0.3,10.1,1.2,52.5,7.1,5.7,5.0,18.3,0.032
438,Derrick Walton Jr.,MIA,23,16,8,8,9.2,105.0,0.9,9.5,13.5,0.4,38.9,0.2,30.0,2.5,2.3,1.3,7.5,0.032
439,Cedi Osman,CLE,23,61,35,26,11.0,107.0,1.7,14.9,21.0,0.4,21.8,0.0,6.1,3.9,2.9,2.4,10.1,0.032
440,Cristiano Felicio,CHI,25,55,13,42,17.8,110.6,2.7,15.8,22.0,0.3,10.5,0.2,18.3,6.6,4.2,4.1,15.9,0.031
441,Ivan Rabb,MEM,21,36,6,30,14.3,109.5,2.9,21.6,32.7,0.3,14.1,0.4,28.3,5.9,3.4,4.6,13.6,0.031
442,Andrew White III,ATL,25,15,1,14,13.9,109.3,2.0,13.3,18.8,0.2,12.0,0.1,10.0,6.3,3.9,4.1,12.3,0.031
443,Damien Wilkins,IND,38,19,10,9,8.0,103.6,0.6,7.2,10.8,0.1,9.5,0.1,10.0,1.7,1.9,1.8,8.4,0.031
444,James Michael McAdoo,PHI,25,3,1,2,6.0,100.0,0.7,12.5,16.7,0.0,0.0,0.3,100,1.3,0.7,2.0,6.7,0.030
445,Brice Johnson,MEM,24,18,2,16,5.4,100.0,1.2,22.7,32.8,0.5,33.3,0.3,60.0,2.4,1.4,1.7,5.4,0.030
446,Terrance Ferguson,OKC,20,61,37,24,12.5,108.5,0.5,3.8,5.7,0.4,18.9,0.2,12.0,4.1,3.7,3.6,11.6,0.030
447,James Webb III,BKN,24,10,1,9,12.0,108.3,1.6,13.8,18.8,0.1,6.7,0.0,0.0,4.2,3.6,3.3,12.2,0.030
448,Ramon Sessions,WAS,32,28,10,18,14.0,109.4,1.1,8.6,12.7,0.5,21.5,0.1,8.7,4.9,3.7,4.0,14.6,0.030
449,Luke Kornet,NYK,22,20,6,14,16.3,110.6,2.7,15.8,24.0,0.3,13.3,0.8,50.0,5.3,5.9,3.7,16.3,0.030
450,Isaiah Hicks,NYK,23,18,4,14,13.3,109.5,1.7,11.8,18.5,0.1,9.1,0.2,16.7,4.7,4.0,2.5,12.7,0.028
451,Luis Montero,DET,25,2,1,1,4.0,94.1,1.0,22.2,22.2,0.0,0.0,0.0,0.0,3.0,0.0,1.0,4.0,0.028
452,JaVale McGee,GSW,30,65,45,20,9.5,106.9,1.7,16.6,24.6,0.3,21.0,0.9,49.6,4.2,2.6,2.9,9.6,0.028
453,Sean Kilpatrick,CHI,28,52,22,30,12.3,109.1,1.6,13.1,18.5,0.3,11.9,0.1,10.6,4.5,2.8,2.7,11.8,0.028
454,Juancho Hernangomez,DEN,22,25,15,10,11.1,108.3,1.4,13.9,20.5,0.2,13.6,0.1,12.5,4.2,2.7,3.6,10.6,0.028
455,Troy Daniels,PHX,26,79,20,59,20.5,112.0,1.5,6.9,10.5,0.3,11.9,0.1,3.8,8.4,5.6,5.6,20.3,0.027
456,Luol Deng,LAL,33,1,0,1,13.1,110.0,0.0,0.0,0.0,1.0,50.0,0.0,0.0,2.0,7.0,2.0,14.0,0.027
457,Xavier Rathan-Mayes,MEM,24,5,0,5,23.6,112.8,1.0,5.3,8.5,1.2,27.3,0.6,27.3,11.8,7.8,7.6,21.6,0.027
458,Rashad Vaughn,ORL,21,28,13,15,7.6,104.8,0.6,8.5,13.4,0.2,16.1,0.1,13.0,2.7,2.5,1.4,7.5,0.027
459,Nick Collison,OKC,37,15,9,6,5.0,99.4,0.9,17.6,25.0,0.0,0.0,0.0,0.0,1.5,1.3,1.6,3.6,0.027
460,Jamal Crawford,MIN,38,80,45,35,20.7,112.2,1.0,5.0,7.6,0.5,15.9,0.1,6.6,7.2,5.8,5.6,20.8,0.026
461,Cheick Diallo,NOP,21,52,29,23,11.2,108.7,3.2,26.2,39.0,0.2,14.3,0.4,36.8,4.5,3.0,2.6,11.5,0.026
462,Darrun Hilliard,SAS,25,14,8,6,6.8,104.5,0.5,8.0,11.1,0.1,20.0,0.0,0.0,2.4,2.2,1.8,6.1,0.026
463,Troy Williams,NYK,23,21,7,14,14.6,110.9,2.0,13.7,20.3,1.0,40.0,0.2,13.8,5.9,3.7,4.2,15.7,0.025
464,Tristan Thompson,CLE,27,53,27,26,20.2,112.4,4.3,21.0,28.7,0.3,11.6,0.3,24.6,7.7,4.4,5.8,20.2,0.024
465,Quincy Pondexter,CHI,30,23,6,17,8.5,107.2,0.8,10.3,14.4,0.3,24.2,0.1,18.2,3.2,1.8,1.7,6.9,0.024
466,Tony Bradley,UTA,20,9,6,3,3.2,93.8,0.8,25.0,33.3,0.0,0.0,0.0,0.0,0.3,0.8,0.8,1.3,0.024
467,Georges Niang,UTA,25,9,9,0,3.5,97.3,0.7,18.2,23.1,0.2,28.6,0.0,0.0,2.1,0.2,0.7,2.7,0.023
468,DeAndre Liggins,NOP,30,58,34,24,12.5,110.2,1.2,10.0,15.6,0.6,28.9,0.2,17.1,3.9,2.8,2.9,12.1,0.023
469,Malik Monk,CHA,20,63,26,37,13.5,111.2,0.9,6.9,9.7,0.3,16.5,0.1,14.1,4.6,3.0,3.5,13.8,0.022
470,Isaiah Thomas,LAL,29,32,15,17,26.9,113.8,1.6,5.6,8.1,0.5,12.2,0.1,4.5,10.7,7.9,8.1,29.8,0.021
471,Zach LaVine,CHI,23,24,9,15,27.3,113.9,3.5,13.8,18.4,1.0,23.3,0.2,8.9,9.4,5.5,6.5,27.5,0.021
472,Xavier Silas,BOS,30,2,1,1,3.7,100.0,0.5,12.5,20.0,0.5,100,0.0,0.0,2.5,2.0,0.0,5.0,0.021
473,Zhou Qi,HOU,22,18,14,4,6.9,106.8,0.9,11.6,16.8,0.1,11.8,0.8,77.8,2.8,1.9,0.9,6.3,0.021
474,Zach Randolph,SAC,36,59,18,41,25.6,113.7,5.1,21.5,30.4,0.7,18.1,0.2,9.5,9.3,5.9,8.2,23.3,0.021
475,Daniel Hamilton,OKC,22,6,5,1,4.6,101.8,0.8,16.7,27.8,0.2,20.0,0.0,0.0,1.0,1.3,0.7,5.0,0.020
476,Omer Asik,CHI,31,18,7,11,10.1,110.0,2.1,20.8,29.5,0.1,8.0,0.2,28.6,4.5,2.0,2.7,9.6,0.020
477,Darrell Arthur,DEN,30,19,12,7,7.4,108.4,0.6,8.7,13.3,0.4,29.6,0.2,21.4,2.8,1.6,1.5,8.1,0.019
478,Marcus Paige,CHA,24,5,4,1,5.6,105.2,0.8,16.7,19.0,0.0,0.0,0.0,0.0,0.6,0.8,2.2,6.0,0.019
479,Thomas Bryant,LAL,20,15,7,8,4.8,103.8,0.9,19.7,28.6,0.1,9.1,0.1,25.0,1.6,1.3,1.1,6.4,0.019
480,Jason Smith,WAS,32,33,15,18,8.6,109.8,1.1,12.2,17.5,0.1,8.3,0.4,44.8,3.6,2.9,2.4,7.6,0.018
481,Richard Jefferson,DEN,38,20,10,10,8.2,109.4,0.8,9.9,13.6,0.1,8.7,0.1,5.6,3.5,1.7,3.3,7.8,0.018
482,Derrick Rose,MIN,29,25,15,10,16.8,113.1,0.9,5.3,8.2,0.3,10.8,0.2,11.4,6.9,5.0,5.0,19.4,0.017
483,James Young,PHI,22,6,4,2,10.2,110.6,0.3,2.9,5.0,0.0,0.0,0.0,0.0,4.8,4.3,3.2,7.7,0.017
484,Meyers Leonard,POR,26,33,17,16,7.7,109.4,1.8,25.1,33.7,0.2,18.9,0.0,0.0,3.2,1.6,2.2,6.2,0.017
485,Charles Cooke,NOP,23,13,8,5,2.9,97.5,0.2,4.9,7.7,0.1,33.3,0.0,0.0,1.1,0.4,0.4,2.2,0.017
486,Larry Drew II,NOP,28,10,6,4,7.0,108.3,0.0,0.0,0.0,0.0,0.0,0.0,0.0,2.4,2.0,1.1,6.4,0.017
487,Jake Layman,POR,24,35,22,13,4.6,104.9,0.3,7.8,11.4,0.2,23.1,0.1,44.4,2.0,1.4,0.9,3.7,0.016
488,Josh McRoberts,DAL,31,2,2,0,2.9,100.0,0.0,0.0,0.0,0.0,0.0,0.0,0.0,0.0,0.0,0.5,0.0,0.015
489,Jarell Eddie,CHI,26,3,1,2,2.9,100.0,0.3,16.7,16.7,0.3,33.3,0.0,0.0,1.0,0.0,1.0,1.3,0.014
490,TJ Leaf,IND,21,53,31,22,8.7,111.5,1.0,11.9,18.2,0.1,7.7,0.1,12.5,2.6,2.5,2.2,9.1,0.013
491,Demetrius Jackson,PHI,23,15,12,3,5.3,108.3,0.5,8.6,11.9,0.3,45.5,0.1,14.3,2.3,0.9,0.5,4.5,0.013
492,Elfrid Payton,PHX,24,63,13,50,28.7,115.0,3.3,11.7,17.3,1.3,28.1,0.3,11.6,11.0,8.2,8.2,31.5,0.012
493,Josh Smith,NOP,32,3,2,1,3.9,107.4,0.3,10.0,14.3,0.0,0.0,0.0,0.0,0.7,0.0,0.0,2.7,0.011
494,John Holland,CLE,29,24,17,7,7.3,111.4,0.8,10.4,15.9,0.3,28.0,0.1,12.5,2.9,2.0,1.7,7.6,0.011
495,Marcus Georges-Hunt,MIN,24,42,24,18,5.3,109.9,0.2,4.3,7.0,0.1,12.5,0.0,0.0,1.5,2.0,1.4,4.9,0.011
496,Cole Aldrich,MIN,29,21,14,7,2.3,102.7,0.6,28.6,40.0,0.1,14.3,0.0,25.0,0.9,1.3,0.4,1.7,0.011
497,Nate Wolters,UTA,27,5,3,2,3.8,105.9,0.2,5.6,9.1,0.0,0.0,0.0,0.0,0.6,1.0,0.6,1.2,0.011
498,Trey Burke,NYK,25,36,10,26,21.8,114.9,1.6,7.4,11.4,0.7,22.9,0.1,4.8,6.9,6.8,4.6,21.8,0.010
499,Scotty Hopson,DAL,28,1,0,1,8.4,113.6,0.0,0.0,0.0,0.0,0.0,0.0,0.0,4.0,2.0,7.0,18.0,0.009
500,Chris McCullough,WAS,23,19,11,8,4.7,110.7,0.9,18.8,28.1,0.0,0.0,0.3,71.4,1.5,1.4,1.6,4.0,0.009
501,PJ Dozier,OKC,21,2,1,1,1.6,100.0,0.5,20.0,33.3,0.0,0.0,0.0,0.0,0.0,1.0,0.0,3.0,0.009
502,Jonathan Gibson,BOS,30,4,2,2,10.0,113.8,0.8,7.1,10.0,0.0,0.0,0.0,0.0,3.0,3.0,1.5,12.5,0.008
503,Jameel Warney,DAL,24,3,1,2,9.0,113.2,1.7,20.0,25.0,0.0,0.0,0.0,0.0,1.3,0.7,0.7,6.7,0.008
504,Jalen Jones,DAL,25,16,3,13,11.3,114.1,1.6,15.4,22.7,0.3,27.8,0.1,5.9,3.7,2.4,3.1,10.4,0.008
505,MarShon Brooks,MEM,29,7,2,5,27.5,115.4,1.9,7.7,12.1,1.6,26.8,0.4,21.4,8.9,7.3,9.4,27.7,0.008
506,Reggie Hearn,DET,26,3,3,0,2.2,107.1,0.0,0.0,0.0,0.0,0.0,0.0,0.0,1.3,2.3,0.7,1.3,0.006
507,Jahlil Okafor,BKN,22,28,7,21,12.6,114.7,2.3,19.0,27.1,0.1,8.1,0.6,56.3,5.5,3.5,2.8,12.7,0.006
508,Xavier Munford,MIL,26,6,2,4,3.5,111.1,0.0,0.0,0.0,0.2,50.0,0.0,0.0,0.8,0.8,0.8,3.3,0.006
509,D.J. Wilson,MIL,22,22,12,10,3.2,110.7,0.4,15.7,21.6,0.1,18.8,0.0,20.0,1.1,0.7,0.7,3.1,0.006
510,Ante Zizic,CLE,21,32,21,11,6.7,113.6,1.1,17.9,25.5,0.1,7.4,0.4,61.9,2.6,1.7,1.4,6.9,0.006
511,Georgios Papagiannis,POR,20,17,3,14,7.2,113.8,1.4,21.6,31.6,0.2,17.4,0.4,60.0,2.4,1.9,1.0,7.8,0.006
512,Bobby Brown,HOU,33,20,17,3,5.7,113.7,0.4,6.1,8.4,0.2,22.2,0.0,0.0,2.5,0.8,1.3,5.2,0.005
513,Chris Boucher,GSW,25,1,1,0,1.3,100.0,1.0,100,100,0.0,0.0,0.0,0.0,0.0,0.0,0.0,2.0,0.005
514,Adreian Payne,ORL,27,5,0,5,8.5,114.6,1.4,22.6,36.8,0.4,25.0,0.0,0.0,3.0,3.2,2.6,8.4,0.005
515,Shabazz Muhammad,MIL,25,43,25,18,9.7,114.9,1.2,13.6,20.4,0.2,12.2,0.1,10.0,3.1,3.2,2.7,10.7,0.004
516,Monte Morris,DEN,23,3,2,1,8.4,114.8,0.7,8.0,12.5,1.0,50.0,0.0,0.0,2.0,4.3,1.0,5.3,0.004
517,Alfonzo McKinnie,TOR,25,14,13,1,3.8,113.0,0.4,9.8,17.1,0.1,10.0,0.1,20.0,1.1,1.6,0.4,3.7,0.004
518,Alex Poythress,IND,24,25,10,15,4.2,114.7,0.4,10.2,18.2,0.1,21.4,0.0,11.1,0.8,1.3,1.1,4.8,0.002
519,Omari Johnson,MEM,29,4,1,3,18.8,116.0,1.8,10.3,15.9,0.5,13.3,0.0,0.0,7.5,6.0,9.3,16.0,0.002
520,Aaron Brooks,MIN,33,32,19,13,5.9,115.4,0.3,5.7,8.2,0.2,20.7,0.0,0.0,2.4,1.7,1.1,5.1,0.002
521,Josh Gray,PHX,24,5,0,5,17.3,116.1,1.6,10.4,14.3,1.6,57.1,0.4,22.2,7.0,3.4,5.4,16.0,0.002
522,Kendrick Perkins,CLE,33,1,0,1,14.5,116.1,1.0,9.1,12.5,1.0,20.0,0.0,0.0,6.0,5.0,5.0,16.0,0.001
523,Markel Brown,HOU,26,4,4,0,7.9,116.9,1.0,10.8,19.0,0.0,0.0,0.0,0.0,2.5,3.8,1.5,8.5,-0.001
524,Kobi Simmons,MEM,20,32,6,26,20.1,116.7,1.1,6.2,9.1,0.6,18.6,0.2,8.3,8.5,5.3,6.8,19.9,-0.002
525,Marquis Teague,MEM,25,3,0,3,24.6,116.9,1.7,7.2,11.9,1.3,33.3,0.0,0.0,11.0,5.0,7.7,23.3,-0.004
526,Furkan Korkmaz,PHI,20,14,11,3,5.7,119.8,0.6,12.3,17.3,0.1,18.2,0.1,10.0,2.2,0.8,1.6,6.6,-0.006
527,Trey McKinney-Jones,IND,27,1,1,0,1.2,133.3,0.0,0.0,0.0,0.0,0.0,0.0,0.0,0.0,0.0,0.0,2.0,-0.008
528,Erik McCree,UTA,24,4,4,0,1.9,127.8,0.3,20.0,33.3,0.3,33.3,0.0,0.0,1.0,0.5,0.5,3.5,-0.008
529,London Perrantes,CLE,23,14,8,6,4.7,122.0,0.2,6.4,8.6,0.1,25.0,0.1,50.0,1.9,1.0,1.4,5.6,-0.008
530,Walter Lemon Jr.,NOP,25,5,4,1,7.0,120.5,0.4,6.5,9.5,0.0,0.0,0.2,25.0,1.4,2.0,3.6,10.8,-0.010
531,Ike Anigbogu,IND,19,11,5,6,2.7,128.1,0.4,13.8,26.7,0.1,50.0,0.3,75.0,0.5,0.9,1.2,5.3,-0.010
532,David Stockton,UTA,27,3,3,0,3.1,127.3,0.0,0.0,0.0,0.0,0.0,0.0,0.0,2.7,0.0,1.3,3.3,-0.012
533,Jeremy Evans,ATL,30,1,0,1,5.4,123.1,0.0,0.0,0.0,0.0,0.0,0.0,0.0,5.0,4.0,2.0,6.0,-0.013
534,Briante Weber,MEM,25,18,8,10,13.1,119.8,1.5,13.0,18.4,1.0,48.6,0.3,20.0,4.5,3.3,4.7,14.1,-0.015
535,Jeremy Lin,BKN,29,1,0,1,25.2,119.0,0.0,0.0,0.0,0.0,0.0,0.0,0.0,13.0,11.0,24.0,36.0,-0.025
536,Jordan Crawford,NOP,29,5,3,2,10.7,125.2,0.4,3.6,5.6,0.2,25.0,0.2,16.7,5.6,4.6,4.2,15.2,-0.031
537,Edmond Sumner,IND,22,1,0,1,2.2,160.0,1.0,50.0,100,0.0,0.0,0.0,0.0,0.0,0.0,3.0,4.0,-0.033
538,Tyler Lydon,DEN,22,1,1,0,2.2,225.0,0.0,0.0,0.0,0.0,0.0,0.0,0.0,0.0,2.0,3.0,4.0,-0.064
539,Ben Moore,IND,23,2,1,1,4.6,175.0,0.5,16.7,33.3,0.0,0.0,0.0,0.0,4.0,1.0,9.5,4.0,-0.088
